STATION_NUMBER,DATA_TYPE,SED_DATA_TYPE,Year_from,Year_to,RECORD_LENGTH
07EA001,Q,NA,1960,1983,23
07EA002,Q,NA,1960,1998,35
07EA004,H,NA,2011,2014,4
07EA004,Q,NA,1977,2014,38
07EA005,H,NA,2011,2014,4
07EA005,Q,NA,1978,2014,37
07EA006,H,NA,1980,1983,4
07EA007,H,NA,2011,2016,6
07EA007,Q,NA,1981,2016,36
07EB001,Q,NA,1945,1967,23
07EB002,H,NA,2011,2015,5
07EB002,Q,NA,1981,2015,35
07EC001,Q,NA,1960,1970,11
07EC002,H,NA,2011,2016,6
07EC002,Q,NA,1975,2016,42
07EC003,H,NA,2011,2016,6
07EC003,Q,NA,1976,2016,41
07EC004,H,NA,2011,2015,5
07EC004,Q,NA,1981,2015,35
07ED001,Q,NA,1938,1995,55
07ED002,H,NA,1980,1995,16
07ED003,H,NA,2011,2014,4
07ED003,Q,NA,1981,2014,34
07EE002,Q,NA,1957,1968,12
07EE003,Q,NA,1960,1966,7
07EE004,Q,NA,1965,1968,4
07EE005,Q,NA,1965,1967,3
07EE007,H,NA,2011,2015,5
07EE007,Q,NA,1967,2015,49
07EE008,H,NA,1969,1975,6
07EE009,H,NA,2011,2015,5
07EE009,Q,NA,1975,2015,41
07EE010,H,NA,2011,2018,8
07EE010,Q,NA,1981,2018,38
07EE011,Q,NA,1981,1985,5
07EF001,H,NA,2011,2018,7
07EF001,Q,NA,1917,2018,75
07EF002,H,NA,1976,2015,40
07EF003,H,NA,1980,2015,36
07EF004,H,NA,2011,2016,6
07EF004,Q,NA,1998,2016,19
07FA001,I,DI,1982,1983,2
07FA001,Q,NA,1961,1983,23
07FA001,S,NA,1982,1983,2
07FA001,T,NA,1982,1983,2
07FA003,H,NA,2012,2014,3
07FA003,Q,NA,1977,2014,22
07FA004,H,NA,2011,2016,4
07FA004,Q,NA,1979,2016,36
07FA005,H,NA,2011,2014,4
07FA005,Q,NA,1981,2014,32
07FA006,H,NA,1981,2014,7
07FA006,Q,NA,1984,2014,31
07FA007,Q,NA,1998,2001,4
07FB001,H,NA,2011,2016,6
07FB001,Q,NA,1961,2016,56
07FB002,H,NA,2011,2018,8
07FB002,I,DI,1978,1983,6
07FB002,Q,NA,1977,2018,42
07FB002,S,NA,1978,1983,6
07FB002,T,NA,1978,1983,6
07FB003,H,NA,2011,2015,5
07FB003,I,DI,1979,1983,3
07FB003,Q,NA,1977,2015,39
07FB003,S,NA,1978,1983,6
07FB003,T,NA,1978,1983,6
07FB004,H,NA,2011,2018,8
07FB004,I,DI,1979,1983,5
07FB004,Q,NA,1978,2018,41
07FB004,S,NA,1979,1983,5
07FB004,T,NA,1979,1983,5
07FB005,I,DI,1979,1983,3
07FB005,Q,NA,1978,2001,24
07FB005,S,NA,1979,1983,5
07FB005,T,NA,1979,1983,5
07FB006,H,NA,2011,2018,8
07FB006,I,DI,1979,1992,11
07FB006,Q,NA,1977,2018,42
07FB006,S,NA,1978,1985,8
07FB006,T,NA,1978,1985,8
07FB007,I,DI,1982,1985,3
07FB007,Q,NA,1977,1985,9
07FB007,S,NA,1978,1985,8
07FB007,T,NA,1978,1985,8
07FB008,H,NA,2011,2018,8
07FB008,Q,NA,1980,2018,39
07FB009,H,NA,2011,2018,8
07FB009,Q,NA,1982,2018,37
07FB010,Q,NA,1985,1988,4
07FB011,Q,NA,1986,1998,12
07FC001,H,NA,2011,2018,8
07FC001,I,DI,1988,1992,5
07FC001,Q,NA,1961,2018,58
07FC002,Q,NA,1962,1974,13
07FC003,H,NA,2011,2013,3
07FC003,Q,NA,1964,2013,50
07FC004,Q,NA,1968,1992,15
07FC005,H,NA,1968,1990,16
07FC006,Q,NA,1980,1982,3
07FC007,Q,NA,1983,1983,1
07FD001,H,NA,2011,2016,6
07FD001,Q,NA,1944,2016,62
07FD002,H,NA,2011,2016,6
07FD002,Q,NA,1944,2016,73
07FD004,H,NA,2011,2014,4
07FD004,Q,NA,1963,2014,31
07FD005,Q,NA,1963,1963,1
07FD007,H,NA,2011,2014,4
07FD007,Q,NA,1971,2014,42
07FD010,H,NA,1974,2016,19
07FD010,Q,NA,1992,2016,25
07FD015,Q,NA,1981,1995,15
07FD016,Q,NA,1981,1985,5
07FD017,H,NA,1987,1988,2
07GC001,Q,NA,1977,1982,6
08BB001,I,DI,1968,1968,1
08BB001,Q,NA,1953,1987,35
08BB002,Q,NA,1954,1979,23
08BB003,H,NA,1954,1979,23
08BB004,H,NA,1955,1955,1
08CA001,Q,NA,1980,1995,16
08CA002,Q,NA,1980,1995,16
08CA003,Q,NA,1980,1995,16
08CB001,I,DI,1981,1992,9
08CB001,Q,NA,1957,1995,39
08CB001,S,NA,1980,1984,5
08CB001,T,NA,1980,1984,5
08CB002,Q,NA,1958,1966,9
08CC001,I,DI,1982,1984,3
08CC001,Q,NA,1962,1996,35
08CC001,S,NA,1982,1983,2
08CC001,T,NA,1982,1983,2
08CC002,Q,NA,1986,1996,11
08CC003,Q,NA,1987,1996,10
08CD001,H,NA,2011,2018,8
08CD001,I,DI,1972,1972,1
08CD001,Q,NA,1962,2018,57
08CD001,S,NA,1972,1972,1
08CD001,T,NA,1972,1972,1
08CE001,H,NA,2011,2017,7
08CE001,I,DI,1968,1972,2
08CE001,Q,NA,1954,2017,64
08CE001,S,NA,1972,1972,1
08CE001,T,NA,1972,1972,1
08CE004,Q,NA,1990,1995,6
08CF001,I,DI,1982,1984,3
08CF001,Q,NA,1971,1995,25
08CF001,S,NA,1982,1983,2
08CF001,T,NA,1982,1983,2
08CF002,H,NA,1983,1984,2
08CF002,I,DI,1983,1984,2
08CF002,S,NA,1983,1983,1
08CG001,H,NA,2011,2018,8
08CG001,I,DI,1982,1984,3
08CG001,Q,NA,1959,2018,60
08CG001,S,NA,1982,1983,2
08CG001,T,NA,1982,1983,2
08CG002,H,NA,1964,1980,15
08CG003,Q,NA,1964,1996,33
08CG004,I,DI,1982,1984,3
08CG004,Q,NA,1966,1995,29
08CG004,S,NA,1982,1983,2
08CG004,T,NA,1982,1983,2
08CG005,I,DI,1982,1984,3
08CG005,Q,NA,1972,1995,24
08CG005,S,NA,1982,1983,2
08CG005,T,NA,1982,1983,2
08CG006,I,DI,1982,1984,3
08CG006,Q,NA,1972,1994,23
08CG006,S,NA,1982,1983,2
08CG006,T,NA,1982,1983,2
08CG007,H,NA,1981,1984,4
08DA003,Q,NA,1956,1956,1
08DA005,H,NA,2011,2018,8
08DA005,Q,NA,1967,2018,52
08DA006,I,DI,1967,1968,2
08DA006,Q,NA,1967,1972,6
08DA006,S,NA,1967,1968,2
08DA006,T,NA,1967,1968,2
08DA007,Q,NA,1969,1970,2
08DA008,Q,NA,1981,1983,3
08DA009,Q,NA,1986,1996,11
08DA010,Q,NA,1989,1996,8
08DA011,Q,NA,1997,1999,3
08DA012,H,NA,2011,2018,8
08DA012,Q,NA,1997,2018,22
08DB001,H,NA,2011,2015,5
08DB001,Q,NA,1929,2015,81
08DB002,Q,NA,1929,1931,3
08DB003,Q,NA,1946,1946,1
08DB004,Q,NA,1946,1948,3
08DB008,Q,NA,1956,1957,2
08DB009,Q,NA,1965,1966,2
08DB010,Q,NA,1976,1996,21
08DB011,Q,NA,1981,1996,16
08DB012,Q,NA,1987,1996,10
08DB013,H,NA,2011,2018,8
08DB013,Q,NA,1997,2018,22
08DB014,H,NA,2011,2017,7
08DB014,Q,NA,1997,2017,21
08DC001,Q,NA,1929,1930,2
08DC002,Q,NA,1929,1930,2
08DC003,Q,NA,1929,1930,2
08DC006,Q,NA,1967,1999,33
08DD001,Q,NA,1960,1996,33
08EB001,Q,NA,1915,1915,1
08EB003,H,NA,1986,2018,13
08EB003,Q,NA,1960,1985,26
08EB004,H,NA,2011,2018,8
08EB004,Q,NA,1963,2018,56
08EB005,H,NA,2011,2018,8
08EB005,Q,NA,1970,2018,37
08EB006,H,NA,2011,2014,4
08EB006,Q,NA,1997,2014,18
08EC001,H,NA,1986,2018,33
08EC001,Q,NA,1929,1985,44
08EC002,Q,NA,1963,1970,8
08EC003,H,NA,1955,2017,63
08EC004,H,NA,2011,2018,7
08EC004,Q,NA,1961,2018,57
08EC005,Q,NA,1960,1963,4
08EC006,H,NA,1967,1970,4
08EC007,H,NA,1964,1973,10
08EC008,Q,NA,1965,1970,6
08EC009,Q,NA,1967,1970,4
08EC010,H,NA,1972,1977,6
08EC011,H,NA,1972,1977,6
08EC012,H,NA,1972,1976,5
08EC013,H,NA,1987,2018,9
08EC013,Q,NA,1972,2018,47
08EC014,H,NA,2011,2018,8
08EC014,Q,NA,1998,2018,21
08ED001,H,NA,2011,2018,8
08ED001,Q,NA,1950,2018,50
08ED002,H,NA,2011,2018,8
08ED002,Q,NA,1961,2018,58
08ED003,Q,NA,1971,1971,1
08ED004,H,NA,2011,2016,6
08ED004,Q,NA,1997,2016,20
08EE001,H,NA,1943,1952,10
08EE001,Q,NA,1928,1942,15
08EE002,Q,NA,1915,1915,1
08EE003,H,NA,2011,2018,8
08EE003,Q,NA,1930,2018,61
08EE004,H,NA,2011,2018,8
08EE004,I,DI,1988,1992,5
08EE004,Q,NA,1930,2018,89
08EE005,H,NA,2011,2019,9
08EE005,Q,NA,1946,2019,20
08EE006,Q,NA,1947,1949,3
08EE007,Q,NA,1948,1949,2
08EE008,H,NA,2011,2017,7
08EE008,Q,NA,1960,2017,58
08EE009,Q,NA,1964,1974,11
08EE010,Q,NA,1967,1979,13
08EE011,H,NA,1968,1980,10
08EE012,H,NA,2011,2018,8
08EE012,Q,NA,1969,2017,47
08EE013,H,NA,2011,2017,6
08EE013,Q,NA,1973,2017,44
08EE014,Q,NA,1973,1996,24
08EE015,Q,NA,1974,1975,2
08EE016,Q,NA,1974,1975,2
08EE017,Q,NA,1974,1975,2
08EE018,Q,NA,1974,1979,6
08EE019,Q,NA,1976,1976,1
08EE020,H,NA,2011,2018,8
08EE020,Q,NA,1975,2018,44
08EE021,Q,NA,1978,1978,1
08EE022,Q,NA,1978,1979,2
08EE023,Q,NA,1978,1979,2
08EE024,Q,NA,1979,1979,1
08EE025,H,NA,2011,2018,8
08EE025,Q,NA,1982,2018,37
08EE026,H,NA,1983,1983,1
08EE027,Q,NA,1983,1983,1
08EE028,Q,NA,1985,1996,12
08EF001,H,NA,1982,2018,35
08EF001,I,DI,1988,1992,5
08EF001,Q,NA,1928,2018,87
08EF003,Q,NA,1952,1964,13
08EF004,Q,NA,1960,1971,12
08EF005,H,NA,2011,2018,8
08EF005,Q,NA,1963,2018,56
08EF006,H,NA,2011,2018,8
08EF006,Q,NA,1997,2018,22
08EG001,Q,NA,1928,1932,5
08EG002,Q,NA,1928,1930,3
08EG003,Q,NA,1928,1931,4
08EG004,Q,NA,1928,1931,4
08EG006,Q,NA,1929,1952,24
08EG007,Q,NA,1948,1955,5
08EG008,Q,NA,1954,1954,1
08EG010,Q,NA,1953,1955,3
08EG011,Q,NA,1960,1995,36
08EG012,H,NA,2011,2018,8
08EG012,Q,NA,1962,2018,57
08EG013,Q,NA,1964,1965,2
08EG014,H,NA,1964,1965,2
08EG015,Q,NA,1964,1972,9
08EG016,H,NA,2011,2017,7
08EG016,Q,NA,1964,2017,54
08EG017,Q,NA,1992,2009,18
08EG018,H,NA,2011,2017,7
08EG018,Q,NA,1997,2017,21
08FA001,Q,NA,1923,1932,10
08FA002,H,NA,2011,2017,7
08FA002,Q,NA,1927,2017,65
08FA004,Q,NA,1947,1952,6
08FA005,Q,NA,1949,1950,2
08FA006,Q,NA,1949,1950,2
08FA007,H,NA,1961,2017,57
08FA008,Q,NA,1969,1972,4
08FA009,I,DI,1968,1968,1
08FA009,Q,NA,1969,1970,2
08FB001,Q,NA,1928,1930,3
08FB002,Q,NA,1947,1968,22
08FB003,Q,NA,1946,1950,5
08FB004,H,NA,2011,2018,8
08FB004,Q,NA,1965,2018,54
08FB005,Q,NA,1965,1996,32
08FB006,H,NA,2011,2014,3
08FB006,Q,NA,1965,2014,49
08FB007,I,DI,1988,1992,5
08FB007,Q,NA,1965,2010,46
08FB008,Q,NA,1930,1932,3
08FB009,Q,NA,1979,1996,18
08FB010,Q,NA,1980,1980,1
08FB011,H,NA,2011,2018,8
08FB011,Q,NA,2011,2018,8
08FC001,Q,NA,1923,1932,10
08FC002,Q,NA,1923,1956,21
08FC003,H,NA,2011,2017,7
08FC003,Q,NA,1959,2017,55
08FC004,Q,NA,1987,1990,4
08FC005,Q,NA,1997,2007,11
08FD002,Q,NA,1948,1952,5
08FE001,Q,NA,1951,1954,4
08FE002,Q,NA,1954,2018,65
08FE003,H,NA,2011,2017,7
08FE003,Q,NA,1971,2017,47
08FF001,H,NA,2011,2018,8
08FF001,I,DI,1988,1992,5
08FF001,Q,NA,1964,2018,55
08FF002,H,NA,2011,2016,6
08FF002,Q,NA,1966,2016,51
08FF003,H,NA,2011,2018,8
08FF003,Q,NA,1966,2018,53
08FF004,Q,NA,1997,1999,3
08FF005,Q,NA,1997,2009,13
08FF006,H,NA,2011,2018,8
08FF006,Q,NA,1997,2018,22
08GA001,Q,NA,1912,1921,10
08GA002,Q,NA,1912,1914,3
08GA003,Q,NA,1912,1914,3
08GA004,Q,NA,1912,1912,1
08GA005,Q,NA,1912,1921,10
08GA006,Q,NA,1912,1921,10
08GA007,Q,NA,1912,1920,9
08GA008,Q,NA,1913,1921,9
08GA009,Q,NA,1914,1920,7
08GA010,H,NA,2011,2018,8
08GA010,Q,NA,1914,2018,103
08GA011,Q,NA,1914,1920,7
08GA012,Q,NA,1914,1919,6
08GA013,Q,NA,1914,1934,21
08GA014,Q,NA,1913,1915,3
08GA015,Q,NA,1915,1921,7
08GA016,Q,NA,1915,1921,7
08GA017,Q,NA,1916,1969,52
08GA018,Q,NA,1918,1919,2
08GA019,Q,NA,1918,1919,2
08GA020,Q,NA,1921,1971,32
08GA021,Q,NA,1921,1927,7
08GA022,H,NA,2011,2018,8
08GA022,I,DI,1988,1992,5
08GA022,Q,NA,1922,2018,68
08GA023,Q,NA,1924,1955,13
08GA024,Q,NA,1924,1948,25
08GA025,Q,NA,1924,1928,5
08GA026,Q,NA,1926,2003,12
08GA027,Q,NA,1926,2003,7
08GA028,Q,NA,1927,1940,14
08GA030,H,NA,2011,2018,8
08GA030,Q,NA,1928,2018,90
08GA031,Q,NA,1929,1956,28
08GA032,H,NA,1932,1934,3
08GA033,Q,NA,1932,1933,2
08GA034,H,NA,1932,1934,3
08GA035,H,NA,1932,1933,2
08GA036,Q,NA,1951,1951,1
08GA037,Q,NA,1951,1952,2
08GA038,Q,NA,1954,1957,4
08GA039,Q,NA,1954,1956,3
08GA040,Q,NA,1954,1957,4
08GA041,Q,NA,1955,1958,4
08GA043,H,NA,2011,2018,8
08GA043,Q,NA,1957,2018,62
08GA045,Q,NA,1958,1958,1
08GA046,Q,NA,1959,1970,12
08GA047,H,NA,2011,2017,7
08GA047,Q,NA,1959,2017,59
08GA048,H,NA,1960,1967,8
08GA049,H,NA,1974,1977,4
08GA049,Q,NA,1964,1968,4
08GA050,Q,NA,1965,1965,1
08GA051,Q,NA,1965,1968,3
08GA052,Q,NA,1960,1976,17
08GA053,H,NA,1990,1990,1
08GA053,S,NA,1973,1975,3
08GA054,Q,NA,1966,1986,20
08GA055,Q,NA,1932,1933,2
08GA056,I,BM,1967,1967,1
08GA056,I,DI,1967,1974,6
08GA056,Q,NA,1966,1983,18
08GA056,S,NA,1967,1975,9
08GA056,T,NA,1967,1975,9
08GA057,Q,NA,1966,1981,13
08GA058,Q,NA,1967,1968,2
08GA059,Q,NA,1906,1910,5
08GA060,Q,NA,1970,1988,19
08GA061,H,NA,2011,2017,7
08GA061,Q,NA,1970,2017,47
08GA062,Q,NA,1970,2005,11
08GA063,Q,NA,1974,1977,4
08GA064,Q,NA,1972,1989,18
08GA065,Q,NA,1976,1996,21
08GA067,Q,NA,1980,1985,6
08GA068,Q,NA,1980,1985,6
08GA069,H,NA,1979,1981,3
08GA070,H,NA,1979,1981,3
08GA071,H,NA,2011,2017,7
08GA071,I,DI,1984,1984,1
08GA071,Q,NA,1981,2017,37
08GA072,H,NA,2011,2017,7
08GA072,Q,NA,1982,2017,36
08GA075,H,NA,2011,2017,7
08GA075,Q,NA,1990,2017,26
08GA076,H,NA,2011,2017,7
08GA076,Q,NA,1991,2017,27
08GA077,H,NA,2011,2018,8
08GA077,Q,NA,1992,2018,27
08GA078,Q,NA,1993,2003,11
08GA079,H,NA,2011,2018,8
08GA079,Q,NA,1997,2018,22
08GB003,Q,NA,1921,1944,13
08GB005,Q,NA,1949,1951,3
08GB006,Q,NA,1959,1960,2
08GB007,Q,NA,1959,1995,37
08GB008,H,NA,1959,1960,2
08GB009,Q,NA,1959,1970,12
08GB010,Q,NA,1975,1981,7
08GB011,Q,NA,1977,1977,1
08GB012,H,NA,1977,1977,1
08GB013,H,NA,2011,2017,7
08GB013,Q,NA,1993,2017,25
08GB014,H,NA,2011,2018,8
08GB014,Q,NA,2007,2018,12
08GC003,Q,NA,1922,1931,10
08GC004,Q,NA,1953,1993,39
08GC005,H,NA,2011,2018,8
08GC005,Q,NA,2000,2018,19
08GC006,H,NA,2011,2018,8
08GC006,Q,NA,2000,2018,19
08GC007,H,NA,2011,2018,8
08GC007,Q,NA,2000,2018,19
08GC008,H,NA,2011,2018,8
08GC008,Q,NA,2003,2018,16
08GD003,Q,NA,1930,1932,3
08GD004,H,NA,2011,2018,8
08GD004,I,DI,1982,1984,3
08GD004,Q,NA,1957,2018,62
08GD004,S,NA,1982,1983,2
08GD004,T,NA,1982,1983,2
08GD005,I,DI,1982,1992,7
08GD005,Q,NA,1960,1995,22
08GD005,S,NA,1982,1983,2
08GD005,T,NA,1982,1983,2
08GD006,I,DI,1982,1992,7
08GD006,Q,NA,1960,1995,21
08GD006,S,NA,1982,1983,2
08GD006,T,NA,1982,1983,2
08GD007,I,DI,1982,1984,3
08GD007,Q,NA,1960,1995,25
08GD007,S,NA,1982,1983,2
08GD007,T,NA,1982,1983,2
08GD008,H,NA,2011,2018,8
08GD008,Q,NA,1968,2018,45
08GD009,I,DI,1983,1992,6
08GD009,Q,NA,1984,1995,8
08GD009,S,NA,1983,1983,1
08GE001,Q,NA,1977,1984,8
08GE002,H,NA,2011,2018,8
08GE002,Q,NA,1977,2018,42
08GE003,H,NA,2011,2016,6
08GE003,Q,NA,1998,2016,19
08GF001,Q,NA,1922,1931,10
08GF003,H,NA,1969,1970,2
08GF004,Q,NA,1971,1972,2
08GF005,Q,NA,1998,2010,13
08GF006,H,NA,2011,2013,3
08GF006,Q,NA,1998,2013,16
08GF007,H,NA,2011,2018,8
08GF007,Q,NA,2006,2018,13
08GF008,Q,NA,2006,2010,5
08GF009,H,NA,2012,2017,6
08HA001,H,NA,2011,2018,8
08HA001,Q,NA,1914,2018,71
08HA002,H,NA,2011,2018,8
08HA002,Q,NA,1913,2018,86
08HA003,H,NA,2011,2018,8
08HA003,Q,NA,1914,2018,69
08HA004,Q,NA,1914,1989,14
08HA005,Q,NA,1916,1966,51
08HA006,Q,NA,1916,1966,51
08HA007,Q,NA,1949,1949,1
08HA008,Q,NA,1952,1955,4
08HA009,H,NA,1913,2018,76
08HA010,H,NA,2011,2018,8
08HA010,I,DI,1988,1992,5
08HA010,Q,NA,1959,2018,58
08HA011,H,NA,2011,2018,8
08HA011,Q,NA,1960,2018,59
08HA013,H,NA,1961,1989,16
08HA014,Q,NA,1961,1963,3
08HA015,Q,NA,1961,1989,13
08HA016,H,NA,2011,2018,8
08HA016,Q,NA,1961,2018,58
08HA017,Q,NA,1963,1966,4
08HA018,Q,NA,1963,1965,3
08HA019,Q,NA,1964,1964,1
08HA020,H,NA,1980,1993,10
08HA021,Q,NA,1954,1998,13
08HA022,Q,NA,1968,1968,1
08HA023,Q,NA,1969,1970,2
08HA024,H,NA,1969,1972,4
08HA025,Q,NA,1969,1974,5
08HA026,Q,NA,1970,1998,25
08HA027,Q,NA,1970,1970,1
08HA028,Q,NA,1971,1972,2
08HA031,Q,NA,1973,1977,5
08HA032,H,NA,1970,1994,25
08HA033,Q,NA,1974,2009,36
08HA034,Q,NA,1974,1981,8
08HA036,Q,NA,1975,1979,5
08HA037,Q,NA,1976,1981,6
08HA038,H,NA,1976,1998,23
08HA039,Q,NA,1976,1978,3
08HA040,Q,NA,1979,1985,7
08HA041,H,NA,1978,1984,4
08HA042,Q,NA,1980,1982,3
08HA043,Q,NA,1980,1982,3
08HA044,H,NA,1978,1985,8
08HA045,Q,NA,1981,1982,2
08HA046,Q,NA,1980,1998,10
08HA047,Q,NA,1981,1999,19
08HA048,H,NA,1982,1984,3
08HA049,H,NA,1981,1984,4
08HA050,H,NA,1981,1984,4
08HA051,H,NA,1981,1983,3
08HA052,H,NA,1982,1989,8
08HA053,H,NA,1982,1993,12
08HA054,Q,NA,1982,1992,11
08HA055,Q,NA,1983,1993,11
08HA056,Q,NA,1983,1989,7
08HA057,H,NA,1982,1985,4
08HA058,H,NA,1982,1984,3
08HA059,Q,NA,1989,1997,9
08HA060,Q,NA,1993,2009,17
08HA063,Q,NA,1996,1996,1
08HA064,Q,NA,1996,1999,4
08HA065,Q,NA,1996,1999,4
08HA066,Q,NA,1997,1999,3
08HA067,Q,NA,1997,1999,3
08HA068,H,NA,2011,2018,8
08HA068,Q,NA,1997,2018,22
08HA069,H,NA,2011,2018,8
08HA069,Q,NA,1997,2018,22
08HA070,H,NA,2011,2018,8
08HA070,Q,NA,1997,2018,22
08HA071,Q,NA,1997,2001,5
08HA072,H,NA,2011,2018,8
08HA072,Q,NA,1998,2018,21
08HA073,Q,NA,2003,2005,3
08HB001,Q,NA,1913,1974,29
08HB002,H,NA,2011,2018,8
08HB002,I,DI,1988,1992,5
08HB002,Q,NA,1913,2018,47
08HB003,Q,NA,1914,1998,22
08HB004,Q,NA,1913,2001,48
08HB005,Q,NA,1913,1964,32
08HB006,H,NA,2011,2018,8
08HB006,Q,NA,1914,2018,65
08HB007,Q,NA,1914,1953,40
08HB008,H,NA,2011,2017,7
08HB008,Q,NA,1913,2017,97
08HB009,Q,NA,1913,2000,53
08HB010,Q,NA,1914,1978,56
08HB011,H,NA,2011,2018,8
08HB011,Q,NA,1914,2018,62
08HB012,Q,NA,1924,1931,8
08HB014,H,NA,2011,2018,8
08HB014,Q,NA,1948,2018,69
08HB015,H,NA,1913,1996,76
08HB016,Q,NA,1956,1966,11
08HB017,H,NA,2003,2003,1
08HB017,Q,NA,1957,2002,46
08HB018,Q,NA,1958,1962,5
08HB019,Q,NA,1958,1959,2
08HB021,H,NA,1958,1962,5
08HB022,H,NA,2011,2017,7
08HB022,Q,NA,1959,2017,59
08HB023,H,NA,2011,2017,7
08HB023,Q,NA,1959,2017,56
08HB024,Q,NA,1960,2009,50
08HB025,H,NA,2011,2018,8
08HB025,Q,NA,1960,2018,46
08HB026,H,NA,1961,1978,18
08HB027,Q,NA,1961,1974,10
08HB028,H,NA,1962,1978,17
08HB029,H,NA,2012,2017,6
08HB029,Q,NA,1960,2017,33
08HB030,Q,NA,1962,1978,17
08HB031,H,NA,1962,1978,17
08HB032,H,NA,2011,2017,7
08HB032,Q,NA,1961,2017,37
08HB033,Q,NA,1963,1964,2
08HB034,H,NA,2011,2018,8
08HB034,Q,NA,1965,2018,54
08HB035,Q,NA,1968,1969,2
08HB036,Q,NA,1969,1981,6
08HB037,Q,NA,1968,1978,10
08HB038,Q,NA,1969,1989,10
08HB039,Q,NA,1970,1972,3
08HB040,Q,NA,1970,1971,2
08HB041,H,NA,2011,2018,8
08HB041,Q,NA,1970,2018,49
08HB042,Q,NA,1971,1971,1
08HB043,Q,NA,1971,1999,15
08HB044,Q,NA,1971,1976,6
08HB045,Q,NA,1971,1978,8
08HB046,Q,NA,1972,1978,6
08HB047,Q,NA,1972,1978,7
08HB048,H,NA,2011,2018,8
08HB048,I,BL,1973,1983,10
08HB048,I,BM,1973,1975,3
08HB048,I,DI,1984,1985,2
08HB048,Q,NA,1972,2018,47
08HB048,S,NA,1973,1986,14
08HB048,T,NA,1973,1986,14
08HB050,Q,NA,1974,1976,3
08HB051,Q,NA,1975,1979,4
08HB052,Q,NA,1975,1979,4
08HB053,H,NA,1972,1978,7
08HB054,Q,NA,1976,1978,3
08HB055,H,NA,1976,1980,5
08HB056,H,NA,1977,1981,5
08HB057,H,NA,1977,1981,5
08HB058,H,NA,1977,1978,2
08HB059,Q,NA,1977,1981,5
08HB060,H,NA,1979,1983,2
08HB062,Q,NA,1977,1979,3
08HB063,Q,NA,1978,1981,4
08HB064,Q,NA,1979,1984,6
08HB066,H,NA,1979,1980,2
08HB068,Q,NA,1980,1985,6
08HB069,Q,NA,1980,1999,20
08HB070,H,NA,1981,1985,5
08HB071,H,NA,1980,1985,6
08HB072,Q,NA,1982,1989,8
08HB073,Q,NA,1982,1987,6
08HB074,H,NA,2011,2018,8
08HB074,Q,NA,1982,2018,37
08HB075,H,NA,2011,2018,8
08HB075,Q,NA,1985,2018,34
08HB076,H,NA,1981,1983,3
08HB077,Q,NA,1990,1995,6
08HB078,Q,NA,1990,1996,7
08HB079,Q,NA,1990,1991,2
08HB080,Q,NA,1990,1997,8
08HB082,H,NA,1993,2018,26
08HB084,H,NA,2011,2018,8
08HB084,Q,NA,1993,2018,26
08HB086,H,NA,2011,2018,8
08HB086,Q,NA,1995,2018,24
08HB088,Q,NA,1997,2007,8
08HB089,H,NA,2011,2015,5
08HB089,Q,NA,1997,2015,19
08HB090,Q,NA,1997,1999,3
08HB091,Q,NA,1997,1999,3
08HB092,H,NA,2011,2018,8
08HB092,Q,NA,1997,2018,22
08HB093,Q,NA,1998,1999,2
08HB094,Q,NA,1998,1999,2
08HB095,Q,NA,1998,1999,2
08HB096,Q,NA,1998,1999,2
08HB097,Q,NA,1998,1999,2
08HB098,Q,NA,1998,1999,2
08HB099,Q,NA,2005,2005,1
08HC001,H,NA,2011,2018,8
08HC001,Q,NA,1956,2018,63
08HC002,H,NA,2011,2014,4
08HC002,Q,NA,1957,2014,56
08HC003,Q,NA,1982,1989,8
08HC004,Q,NA,1990,1999,10
08HC005,H,NA,2011,2019,9
08HC005,Q,NA,1993,2019,27
08HC006,H,NA,1997,2018,9
08HC006,Q,NA,1998,2018,21
08HC007,H,NA,1997,2011,2
08HC007,Q,NA,1999,2010,12
08HC008,Q,NA,1998,1998,1
08HC009,Q,NA,1998,1998,1
08HC010,Q,NA,1998,1998,1
08HC011,Q,NA,1997,1998,2
08HD001,Q,NA,1910,1949,40
08HD002,Q,NA,1914,1917,4
08HD003,H,NA,2011,2018,8
08HD003,Q,NA,1949,2018,49
08HD004,Q,NA,1953,1956,4
08HD005,H,NA,2011,2018,8
08HD005,Q,NA,1956,2018,63
08HD006,H,NA,2011,2017,7
08HD006,Q,NA,1956,2017,62
08HD007,H,NA,2011,2018,8
08HD007,Q,NA,1960,2018,59
08HD008,Q,NA,1968,1968,1
08HD009,Q,NA,1969,1969,1
08HD011,H,NA,2011,2017,7
08HD011,Q,NA,1973,2017,45
08HD012,Q,NA,1976,1980,5
08HD013,Q,NA,1978,1980,3
08HD014,Q,NA,1980,1989,10
08HD015,H,NA,2011,2017,7
08HD015,Q,NA,1981,2017,37
08HD016,Q,NA,1990,1999,10
08HD017,Q,NA,1990,1992,3
08HD018,H,NA,2011,2018,8
08HD018,Q,NA,1991,2018,28
08HD020,H,NA,2013,2016,4
08HD020,Q,NA,1993,2016,24
08HD021,H,NA,2011,2018,8
08HD021,Q,NA,1993,2018,26
08HD022,H,NA,1997,2018,21
08HD023,H,NA,2011,2017,7
08HD023,Q,NA,1994,2017,24
08HD025,H,NA,1997,2017,21
08HD026,H,NA,2011,2018,8
08HD026,Q,NA,1997,2018,22
08HD027,H,NA,2011,2018,8
08HD027,Q,NA,1997,2018,22
08HD029,Q,NA,2002,2007,6
08HD030,Q,NA,1993,2005,13
08HD031,H,NA,2007,2017,11
08HD032,H,NA,2011,2018,8
08HD032,Q,NA,2009,2018,10
08HD033,H,NA,2011,2018,8
08HE001,Q,NA,1925,1971,11
08HE002,Q,NA,1925,1953,25
08HE003,Q,NA,1925,1931,7
08HE004,Q,NA,1925,1926,2
08HE006,H,NA,2011,2018,8
08HE006,Q,NA,1959,2018,60
08HE007,Q,NA,1998,2009,12
08HE008,H,NA,2011,2018,8
08HE008,Q,NA,1998,2018,21
08HE009,H,NA,2011,2018,8
08HE009,Q,NA,1998,2018,21
08HE010,H,NA,2011,2014,4
08HE010,Q,NA,1998,2014,17
08HF001,Q,NA,1927,1941,15
08HF002,Q,NA,1926,1938,13
08HF003,Q,NA,1957,1970,14
08HF004,H,NA,2011,2017,7
08HF004,Q,NA,1974,2017,44
08HF005,H,NA,2011,2018,8
08HF005,Q,NA,1990,2018,29
08HF006,H,NA,2011,2018,8
08HF006,Q,NA,1990,2018,27
08HF007,Q,NA,1992,1998,7
08HF008,Q,NA,1992,1999,8
08HF011,Q,NA,1998,2002,5
08HF012,H,NA,2011,2017,7
08HF012,Q,NA,1998,2017,20
08HF013,H,NA,2011,2018,6
08HF013,Q,NA,1998,2018,20
08HF014,H,NA,2016,2017,2
08HF014,Q,NA,2016,2017,2
08JA001,Q,NA,1915,1954,29
08JA002,Q,NA,1929,1952,24
08JA003,Q,NA,1930,1952,23
08JA004,Q,NA,1930,1952,23
08JA005,Q,NA,1930,1952,23
08JA006,Q,NA,1930,1953,13
08JA007,Q,NA,1932,1933,2
08JA009,Q,NA,1950,1951,2
08JA010,Q,NA,1950,1952,3
08JA011,Q,NA,1949,1950,2
08JA013,Q,NA,1955,2019,65
08JA014,Q,NA,1974,2006,33
08JA015,H,NA,2011,2018,8
08JA015,Q,NA,1976,2018,43
08JA016,Q,NA,1976,1995,20
08JA017,H,NA,2011,2016,6
08JA017,Q,NA,1980,2016,37
08JA018,H,NA,1981,2013,33
08JA019,Q,NA,1992,1995,4
08JA020,Q,NA,1993,1995,3
08JA021,Q,NA,1993,1996,4
08JA022,H,NA,1993,1995,3
08JA023,H,NA,1993,1995,3
08JA024,Q,NA,1992,1995,4
08JA025,Q,NA,1993,1996,4
08JA026,Q,NA,1993,1996,4
08JA027,H,NA,1992,1996,5
08JA028,H,NA,2011,2013,3
08JA028,Q,NA,1993,2013,13
08JA029,H,NA,2011,2018,8
08JA029,Q,NA,1997,2018,22
08JA030,H,NA,1999,2013,15
08JB001,H,NA,1935,1974,31
08JB002,H,NA,2011,2017,7
08JB002,Q,NA,1929,2017,70
08JB003,H,NA,2011,2016,6
08JB003,Q,NA,1950,2016,65
08JB004,Q,NA,1950,1951,2
08JB005,H,NA,1950,1978,29
08JB006,Q,NA,1950,1958,8
08JB007,H,NA,1964,2018,55
08JB008,H,NA,2011,2016,6
08JB008,Q,NA,1964,2016,53
08JB011,H,NA,1974,1995,22
08JB012,Q,NA,1996,2004,9
08JB013,H,NA,2011,2017,6
08JB013,Q,NA,1998,2017,20
08JB014,Q,NA,2000,2002,3
08JC001,H,NA,2011,2017,7
08JC001,I,DI,1989,1992,4
08JC001,Q,NA,1915,2017,71
08JC002,H,NA,2011,2016,6
08JC002,Q,NA,1950,2016,67
08JC005,Q,NA,1960,1974,15
08JC006,Q,NA,1962,1974,13
08JC007,Q,NA,1967,1972,4
08JC008,Q,NA,1967,1974,8
08JC009,Q,NA,1970,1974,5
08JC010,Q,NA,1977,1979,3
08JC011,Q,NA,1977,1977,1
08JC013,Q,NA,1981,1984,3
08JC014,Q,NA,1982,1982,1
08JC015,Q,NA,1983,1984,2
08JC016,H,NA,1985,1987,3
08JC017,Q,NA,1997,2007,11
08JD006,H,NA,2011,2018,8
08JD006,Q,NA,1979,2018,39
08JE001,H,NA,2011,2014,4
08JE001,Q,NA,1929,2014,85
08JE002,Q,NA,1941,1942,2
08JE003,H,NA,1955,1995,41
08JE004,H,NA,2011,2017,7
08JE004,Q,NA,1975,2017,43
08JE005,Q,NA,1980,1989,7
08KA001,H,NA,2011,2013,3
08KA001,Q,NA,1915,2013,53
08KA003,Q,NA,1949,1952,4
08KA004,H,NA,2011,2014,4
08KA004,I,BL,1973,1979,6
08KA004,I,DI,1972,1992,17
08KA004,I,PI,1972,1985,12
08KA004,Q,NA,1952,2014,63
08KA004,S,NA,1972,1986,14
08KA004,T,NA,1972,1986,14
08KA005,H,NA,2011,2018,8
08KA005,Q,NA,1953,2018,66
08KA007,H,NA,2011,2016,6
08KA007,Q,NA,1955,2016,62
08KA008,Q,NA,1955,1995,41
08KA009,H,NA,2011,2015,5
08KA009,Q,NA,1971,2015,45
08KA010,Q,NA,1971,1981,11
08KA011,Q,NA,1981,1985,5
08KA012,Q,NA,1984,1998,15
08KA013,H,NA,2011,2017,7
08KA013,Q,NA,1998,2017,20
08KB001,H,NA,2011,2014,4
08KB001,Q,NA,1950,2014,65
08KB003,H,NA,2011,2017,7
08KB003,Q,NA,1959,2017,59
08KB005,Q,NA,1956,1963,8
08KB006,H,NA,2011,2015,5
08KB006,Q,NA,1977,2015,38
08KC001,H,NA,2011,2013,3
08KC001,Q,NA,1953,2013,61
08KC002,Q,NA,1965,1974,10
08KC003,Q,NA,1975,1998,22
08KD001,Q,NA,1953,1995,43
08KD002,Q,NA,1938,1975,8
08KD003,Q,NA,1953,1975,23
08KD004,Q,NA,1954,1976,23
08KD005,H,NA,1953,1985,33
08KD006,H,NA,2011,2011,1
08KD006,Q,NA,1976,2011,34
08KD007,H,NA,2011,2016,6
08KD007,Q,NA,1977,2016,40
08KE001,H,NA,1947,1968,22
08KE001,Q,NA,1927,1930,4
08KE002,H,NA,1941,1994,51
08KE002,Q,NA,1929,1941,13
08KE003,Q,NA,1930,1951,6
08KE004,Q,NA,1938,1940,3
08KE005,Q,NA,1946,1956,10
08KE006,Q,NA,1947,1989,8
08KE008,Q,NA,1949,1956,5
08KE009,Q,NA,1954,1999,46
08KE014,Q,NA,1956,1975,19
08KE015,Q,NA,1956,1974,19
08KE016,H,NA,2011,2018,8
08KE016,Q,NA,1963,2018,56
08KE017,Q,NA,1967,1973,5
08KE018,H,NA,1968,2017,50
08KE018,Q,NA,1984,1984,1
08KE019,Q,NA,1970,1972,3
08KE020,Q,NA,1970,1974,5
08KE022,Q,NA,1971,1979,5
08KE023,Q,NA,1971,1973,3
08KE024,H,NA,2011,2016,6
08KE024,Q,NA,1971,2016,46
08KE025,Q,NA,1972,1974,3
08KE026,Q,NA,1972,1974,3
08KE027,Q,NA,1974,1974,1
08KE028,Q,NA,1974,1981,8
08KE029,Q,NA,1974,1981,8
08KE030,Q,NA,1978,1979,2
08KE031,Q,NA,1978,1979,2
08KE032,Q,NA,1981,1999,19
08KE033,Q,NA,1987,1995,6
08KE034,Q,NA,1987,1993,7
08KE035,Q,NA,1988,1989,2
08KE036,Q,NA,1988,1990,3
08KE037,Q,NA,1989,1989,1
08KF001,Q,NA,1964,1995,31
08KG001,H,NA,2011,2016,6
08KG001,Q,NA,1952,2016,65
08KG003,Q,NA,1974,1995,22
08KG004,Q,NA,1975,1982,7
08KH001,H,NA,2011,2017,7
08KH001,Q,NA,1924,2017,94
08KH002,Q,NA,1926,1926,1
08KH003,Q,NA,1926,1995,70
08KH004,Q,NA,1934,1934,1
08KH005,Q,NA,1934,1934,1
08KH006,H,NA,2011,2016,6
08KH006,Q,NA,1939,2016,78
08KH007,Q,NA,1946,1959,14
08KH008,Q,NA,1949,1958,10
08KH010,H,NA,2011,2017,7
08KH010,Q,NA,1955,2016,57
08KH011,H,NA,1956,2017,62
08KH013,Q,NA,1961,1974,14
08KH014,Q,NA,1961,1982,22
08KH015,H,NA,1961,1982,22
08KH016,Q,NA,1962,1987,10
08KH017,H,NA,1961,1977,17
08KH018,Q,NA,1963,1974,12
08KH019,H,NA,2011,2018,8
08KH019,Q,NA,1964,2018,55
08KH020,H,NA,2011,2017,7
08KH020,Q,NA,1964,2017,54
08KH021,Q,NA,1965,1975,6
08KH022,Q,NA,1971,1985,15
08KH023,Q,NA,1971,1994,17
08KH024,Q,NA,1976,1976,1
08KH025,Q,NA,1984,1990,7
08KH026,Q,NA,1987,1989,3
08KH027,Q,NA,1995,1995,1
08KH028,Q,NA,1995,2003,9
08KH029,H,NA,2011,2015,5
08KH029,Q,NA,1998,2015,18
08KH030,H,NA,1998,2014,5
08KH030,Q,NA,1999,2014,16
08KH031,H,NA,2011,2016,6
08KH031,Q,NA,2004,2016,13
08LA001,H,NA,2011,2017,7
08LA001,Q,NA,1914,2017,83
08LA001,S,NA,1972,1972,1
08LA001,T,NA,1972,1972,1
08LA002,Q,NA,1914,1916,3
08LA003,Q,NA,1914,1924,11
08LA004,H,NA,1921,1925,5
08LA004,Q,NA,1926,1983,37
08LA005,Q,NA,1928,1996,38
08LA006,Q,NA,1944,1963,19
08LA007,Q,NA,1950,1995,46
08LA008,Q,NA,1950,1984,33
08LA009,Q,NA,1954,1968,15
08LA010,H,NA,1950,1984,33
08LA011,H,NA,1944,1979,35
08LA012,H,NA,1950,1995,46
08LA013,Q,NA,1959,1983,25
08LA014,H,NA,1960,1983,24
08LA015,Q,NA,1965,1970,6
08LA016,Q,NA,1957,1962,6
08LA017,H,NA,1969,1984,16
08LA018,Q,NA,1971,1984,13
08LA019,Q,NA,1973,1979,7
08LA020,Q,NA,1974,1997,24
08LA021,Q,NA,1981,1994,14
08LA022,Q,NA,1982,1989,8
08LA023,Q,NA,1982,1982,1
08LA024,Q,NA,1983,1985,3
08LA025,Q,NA,1987,1989,3
08LA026,Q,NA,1987,1990,4
08LA027,H,NA,2011,2014,4
08LA027,Q,NA,1998,2014,17
08LA028,H,NA,2011,2014,4
08LA028,Q,NA,1999,2014,16
08LA029,Q,NA,1999,2003,5
08LB001,Q,NA,1911,1912,2
08LB003,Q,NA,1911,1925,13
08LB004,Q,NA,1911,1922,12
08LB005,Q,NA,1911,1947,17
08LB006,Q,NA,1911,1913,3
08LB007,Q,NA,1911,1913,3
08LB008,Q,NA,1911,1916,6
08LB009,Q,NA,1911,1912,2
08LB010,Q,NA,1911,1980,7
08LB011,Q,NA,1911,1912,2
08LB012,Q,NA,1913,2009,34
08LB013,Q,NA,1911,1950,30
08LB015,Q,NA,1912,1913,2
08LB016,Q,NA,1914,1914,1
08LB017,Q,NA,1914,1958,13
08LB019,Q,NA,1914,1917,4
08LB020,H,NA,2011,2015,5
08LB020,Q,NA,1915,2015,76
08LB021,Q,NA,1926,1927,2
08LB022,Q,NA,1915,1959,45
08LB023,Q,NA,1915,1925,11
08LB024,H,NA,2011,2014,4
08LB024,Q,NA,1915,2014,51
08LB025,Q,NA,1911,1916,3
08LB027,Q,NA,1918,1935,12
08LB028,Q,NA,1917,1925,9
08LB029,Q,NA,1914,1918,5
08LB030,Q,NA,1920,1927,8
08LB031,Q,NA,1920,1927,8
08LB032,Q,NA,1920,1927,8
08LB033,Q,NA,1921,1921,1
08LB037,Q,NA,1926,1929,4
08LB038,H,NA,2011,2016,6
08LB038,Q,NA,1926,2016,37
08LB039,Q,NA,1926,1928,3
08LB040,Q,NA,1926,1928,3
08LB041,Q,NA,1926,1928,3
08LB042,Q,NA,1926,1987,12
08LB043,Q,NA,1926,1928,3
08LB044,Q,NA,1926,1928,3
08LB045,Q,NA,1926,1928,3
08LB046,Q,NA,1926,1928,3
08LB047,H,NA,2011,2015,5
08LB047,Q,NA,1960,2015,56
08LB049,Q,NA,1927,1927,1
08LB050,Q,NA,1927,1981,23
08LB051,Q,NA,1930,1932,3
08LB052,Q,NA,1930,1932,3
08LB053,H,NA,1945,1954,10
08LB054,Q,NA,1933,1933,1
08LB055,Q,NA,1933,1933,1
08LB056,Q,NA,1933,1933,1
08LB057,Q,NA,1933,1933,1
08LB058,Q,NA,1933,1935,3
08LB059,Q,NA,1933,1935,3
08LB060,Q,NA,1933,1933,1
08LB061,Q,NA,1945,1947,3
08LB062,Q,NA,1949,1950,2
08LB064,H,NA,2011,2018,8
08LB064,I,DI,1988,1992,5
08LB064,Q,NA,1958,2018,61
08LB065,Q,NA,1960,1964,5
08LB066,H,NA,1960,1968,8
08LB068,Q,NA,1963,1964,2
08LB069,H,NA,2011,2016,6
08LB069,Q,NA,1964,2016,53
08LB070,Q,NA,1969,1975,7
08LB071,Q,NA,1969,1975,7
08LB072,Q,NA,1971,1996,26
08LB075,Q,NA,1973,1973,1
08LB076,H,NA,2011,2016,6
08LB076,Q,NA,1973,2016,44
08LB077,Q,NA,1977,1983,7
08LB078,H,NA,2011,2016,6
08LB078,Q,NA,1977,2016,40
08LB079,Q,NA,1977,1977,1
08LB081,Q,NA,1982,1996,14
08LB082,H,NA,1984,1991,8
08LB083,Q,NA,1990,1994,5
08LC002,H,NA,2011,2015,5
08LC002,Q,NA,1911,2015,82
08LC003,H,NA,2011,2018,8
08LC003,Q,NA,1913,2018,82
08LC004,Q,NA,1915,1968,13
08LC005,Q,NA,1919,1983,25
08LC006,Q,NA,1919,1996,58
08LC007,Q,NA,1919,1966,23
08LC008,Q,NA,1920,1920,1
08LC009,Q,NA,1920,1920,1
08LC010,Q,NA,1921,1921,1
08LC014,Q,NA,1921,1979,8
08LC015,Q,NA,1921,1921,1
08LC017,Q,NA,1921,1921,1
08LC018,H,NA,1941,2018,9
08LC018,Q,NA,1926,2018,56
08LC019,Q,NA,1927,1979,39
08LC020,Q,NA,1934,1949,6
08LC021,Q,NA,1934,1953,8
08LC022,Q,NA,1938,1939,2
08LC023,Q,NA,1946,1948,3
08LC024,Q,NA,1946,1949,4
08LC025,Q,NA,1946,1953,6
08LC026,Q,NA,1946,1953,6
08LC027,Q,NA,1946,1948,3
08LC028,Q,NA,1946,1946,1
08LC029,Q,NA,1946,1946,1
08LC030,Q,NA,1946,1953,7
08LC031,Q,NA,1950,1961,12
08LC032,H,NA,1955,1956,2
08LC033,Q,NA,1959,1966,8
08LC034,Q,NA,1959,1977,18
08LC035,Q,NA,1911,1984,26
08LC036,Q,NA,1960,1964,5
08LC037,H,NA,1961,1974,14
08LC038,H,NA,1970,1979,10
08LC039,H,NA,2011,2015,5
08LC039,Q,NA,1970,2015,44
08LC040,H,NA,2011,2017,7
08LC040,Q,NA,1970,2017,48
08LC041,H,NA,1970,2015,46
08LC042,H,NA,2011,2015,5
08LC042,Q,NA,1973,2015,43
08LC043,H,NA,1968,1986,19
08LC044,H,NA,1968,1986,19
08LC046,Q,NA,1977,1977,1
08LC047,H,NA,1978,1986,9
08LC048,Q,NA,1981,1984,4
08LC049,Q,NA,1982,1990,9
08LC050,Q,NA,1985,1990,6
08LD001,H,NA,2011,2017,7
08LD001,Q,NA,1911,2017,107
08LD002,Q,NA,1917,2002,33
08LD003,H,NA,1949,2017,69
08LD004,Q,NA,1926,1976,15
08LD005,Q,NA,1926,1928,3
08LD006,Q,NA,1947,1954,8
08LD009,Q,NA,1981,1998,18
08LE001,Q,NA,1911,1964,15
08LE002,Q,NA,1911,1915,5
08LE003,Q,NA,1911,1912,2
08LE004,Q,NA,1911,1962,8
08LE005,Q,NA,1911,1968,17
08LE006,Q,NA,1911,1953,25
08LE007,Q,NA,1911,1912,2
08LE008,Q,NA,1911,1975,12
08LE009,Q,NA,1912,1913,2
08LE010,Q,NA,1911,1922,6
08LE011,Q,NA,1911,1954,28
08LE012,Q,NA,1911,1980,27
08LE013,Q,NA,1911,1980,21
08LE014,Q,NA,1911,1912,2
08LE015,Q,NA,1911,1927,11
08LE016,Q,NA,1911,1915,5
08LE017,Q,NA,1911,1912,2
08LE018,Q,NA,1911,1912,2
08LE019,Q,NA,1911,1978,22
08LE020,H,NA,2011,2017,7
08LE020,Q,NA,1911,2017,76
08LE021,H,NA,2011,2015,5
08LE021,Q,NA,1911,2015,57
08LE022,Q,NA,1919,1927,9
08LE023,Q,NA,1911,1912,2
08LE024,H,NA,2011,2017,7
08LE024,Q,NA,1913,2017,59
08LE025,Q,NA,1914,1924,11
08LE026,Q,NA,1914,1916,3
08LE027,H,NA,2011,2017,7
08LE027,Q,NA,1914,2017,66
08LE028,Q,NA,1915,1925,4
08LE029,Q,NA,1915,1925,4
08LE030,Q,NA,1915,1948,3
08LE031,H,NA,2011,2017,7
08LE031,Q,NA,1911,2017,95
08LE032,Q,NA,1918,1927,10
08LE033,Q,NA,1918,1927,10
08LE034,Q,NA,1918,1927,8
08LE035,Q,NA,1917,1922,6
08LE036,Q,NA,1917,1948,12
08LE037,Q,NA,1917,1951,15
08LE038,Q,NA,1921,1921,1
08LE039,Q,NA,1921,1980,24
08LE040,Q,NA,1921,1922,2
08LE041,Q,NA,1923,1985,15
08LE042,Q,NA,1923,1931,7
08LE043,Q,NA,1923,1948,11
08LE044,Q,NA,1930,1975,14
08LE045,Q,NA,1930,1931,2
08LE046,Q,NA,1930,1931,2
08LE047,H,NA,1923,1979,57
08LE048,Q,NA,1933,1950,18
08LE049,Q,NA,1932,1950,18
08LE050,Q,NA,1945,1950,6
08LE051,Q,NA,1934,1950,17
08LE053,H,NA,1923,1974,21
08LE054,Q,NA,1945,1949,5
08LE055,Q,NA,1939,1940,2
08LE056,Q,NA,1940,1940,1
08LE057,H,NA,1949,1987,39
08LE058,Q,NA,1949,1967,9
08LE059,Q,NA,1946,1946,1
08LE060,Q,NA,1945,1948,4
08LE061,Q,NA,1950,1952,3
08LE063,Q,NA,1951,1953,3
08LE064,Q,NA,1951,1978,8
08LE065,Q,NA,1951,1976,9
08LE066,Q,NA,1954,1964,6
08LE067,Q,NA,1955,1964,10
08LE068,H,NA,1957,1975,19
08LE069,H,NA,1971,1971,1
08LE069,Q,NA,1958,1970,13
08LE070,H,NA,1951,2016,41
08LE071,H,NA,1961,1979,19
08LE072,Q,NA,1963,1977,12
08LE073,Q,NA,1964,1980,13
08LE074,Q,NA,1965,1974,10
08LE075,Q,NA,1965,2002,38
08LE077,H,NA,2011,2015,5
08LE077,Q,NA,1966,2015,38
08LE078,Q,NA,1968,1979,7
08LE079,H,NA,1932,1950,19
08LE080,Q,NA,1971,1975,5
08LE081,Q,NA,1971,1980,3
08LE086,Q,NA,1973,1984,12
08LE087,Q,NA,1973,1985,9
08LE088,Q,NA,1973,1979,7
08LE089,Q,NA,1974,1986,9
08LE090,Q,NA,1974,1977,4
08LE091,Q,NA,1974,1987,8
08LE092,Q,NA,1974,1979,6
08LE093,Q,NA,1974,1979,6
08LE094,Q,NA,1974,1986,12
08LE095,Q,NA,1974,1978,4
08LE096,Q,NA,1974,1986,8
08LE097,Q,NA,1974,1976,3
08LE099,Q,NA,1979,1980,2
08LE101,Q,NA,1981,1983,3
08LE102,Q,NA,1981,1986,6
08LE103,Q,NA,1981,1994,14
08LE104,Q,NA,1981,1985,5
08LE105,Q,NA,1981,1985,5
08LE106,Q,NA,1982,1994,13
08LE107,Q,NA,1983,1987,5
08LE108,H,NA,2011,2014,4
08LE108,Q,NA,1983,2014,32
08LE109,H,NA,1986,2010,25
08LE110,Q,NA,1988,1994,7
08LE112,H,NA,2011,2015,5
08LE112,Q,NA,1996,2015,20
08LF001,Q,NA,1912,1928,17
08LF002,H,NA,2011,2014,4
08LF002,Q,NA,1911,2014,54
08LF003,Q,NA,1911,1912,2
08LF004,Q,NA,1911,1920,8
08LF005,Q,NA,1911,1927,17
08LF006,Q,NA,1911,1931,13
08LF007,H,NA,2011,2014,4
08LF007,Q,NA,1912,2014,64
08LF008,Q,NA,1912,1912,1
08LF009,Q,NA,1911,1912,2
08LF010,Q,NA,1912,1913,2
08LF011,Q,NA,1911,1911,1
08LF013,Q,NA,1911,1922,12
08LF014,Q,NA,1912,1922,9
08LF015,Q,NA,1911,1994,35
08LF017,Q,NA,1912,1951,16
08LF018,Q,NA,1912,1912,1
08LF019,Q,NA,1917,1926,7
08LF020,Q,NA,1912,1912,1
08LF021,Q,NA,1911,1974,23
08LF022,Q,NA,1911,1951,40
08LF023,H,NA,1911,2016,105
08LF023,Q,NA,1911,1914,4
08LF024,Q,NA,1911,1980,15
08LF025,Q,NA,1911,1911,1
08LF026,Q,NA,1923,1927,5
08LF027,H,NA,2011,2014,4
08LF027,Q,NA,1913,2014,63
08LF028,Q,NA,1915,1919,4
08LF029,Q,NA,1915,1918,4
08LF030,Q,NA,1920,1928,9
08LF032,Q,NA,1920,1928,9
08LF033,Q,NA,1926,1966,14
08LF034,Q,NA,1921,1934,3
08LF035,Q,NA,1911,1911,1
08LF036,Q,NA,1921,1927,7
08LF037,Q,NA,1923,1974,17
08LF038,Q,NA,1923,1960,11
08LF039,Q,NA,1911,1926,4
08LF040,Q,NA,1927,1928,2
08LF041,Q,NA,1928,1928,1
08LF042,Q,NA,1928,1928,1
08LF043,Q,NA,1932,1948,17
08LF046,H,NA,1947,1978,32
08LF047,Q,NA,1948,1980,9
08LF048,Q,NA,1947,1955,9
08LF049,Q,NA,1950,1974,17
08LF050,Q,NA,1952,1952,1
08LF051,H,NA,2011,2015,5
08LF051,Q,NA,1951,2015,65
08LF060,Q,NA,1960,1974,15
08LF061,Q,NA,1960,1984,25
08LF062,Q,NA,1960,1995,36
08LF063,Q,NA,1964,1968,5
08LF064,Q,NA,1968,1975,6
08LF065,Q,NA,1968,1971,4
08LF066,Q,NA,1968,1996,18
08LF067,Q,NA,1965,1965,1
08LF068,Q,NA,1912,1912,1
08LF069,Q,NA,1966,1977,12
08LF070,Q,NA,1967,1973,7
08LF071,Q,NA,1968,1996,19
08LF075,H,NA,1969,1995,27
08LF079,Q,NA,1977,1980,4
08LF080,Q,NA,1977,1996,19
08LF081,Q,NA,1977,1998,22
08LF082,Q,NA,1977,1984,8
08LF083,Q,NA,1977,1984,8
08LF084,Q,NA,1978,1998,21
08LF085,H,NA,1978,1996,19
08LF086,Q,NA,1980,1996,17
08LF088,Q,NA,1981,1985,5
08LF089,Q,NA,1981,1994,14
08LF090,Q,NA,1982,1984,3
08LF091,Q,NA,1982,1994,13
08LF092,Q,NA,1982,1984,3
08LF093,Q,NA,1982,1986,4
08LF094,H,NA,2011,2015,5
08LF094,Q,NA,1984,2015,31
08LF095,Q,NA,1984,1994,11
08LF096,Q,NA,1987,1989,3
08LF097,Q,NA,1990,1991,2
08LF099,H,NA,2011,2015,5
08LF099,Q,NA,2001,2015,15
08LF100,H,NA,2011,2015,5
08LF100,Q,NA,2001,2015,15
08LG001,Q,NA,1912,1922,4
08LG002,Q,NA,1912,1931,8
08LG003,Q,NA,1911,1928,18
08LG004,Q,NA,1911,1984,33
08LG005,Q,NA,1911,1968,9
08LG006,H,NA,2011,2014,4
08LG006,Q,NA,1911,2014,68
08LG007,Q,NA,1911,2007,55
08LG008,H,NA,2011,2014,3
08LG008,Q,NA,1911,2014,52
08LG009,Q,NA,1912,1996,42
08LG010,H,NA,2011,2017,7
08LG010,Q,NA,1913,2016,56
08LG011,Q,NA,1915,1921,7
08LG013,Q,NA,1913,1951,16
08LG014,Q,NA,1919,1930,12
08LG015,Q,NA,1920,1921,2
08LG016,H,NA,2011,2015,5
08LG016,Q,NA,1920,2015,74
08LG017,Q,NA,1933,1975,12
08LG018,Q,NA,1920,1967,12
08LG019,Q,NA,1920,1987,17
08LG020,Q,NA,1932,1974,27
08LG021,Q,NA,1920,1920,1
08LG022,Q,NA,1923,1928,6
08LG023,Q,NA,1925,1928,4
08LG024,Q,NA,1924,1930,7
08LG025,Q,NA,1928,1930,3
08LG026,Q,NA,1928,1930,3
08LG027,Q,NA,1928,1928,1
08LG028,Q,NA,1928,1947,4
08LG029,Q,NA,1933,1933,1
08LG030,Q,NA,1933,1933,1
08LG031,H,NA,1934,1953,20
08LG032,Q,NA,1934,1967,30
08LG033,Q,NA,1934,1950,17
08LG034,H,NA,1920,1975,34
08LG035,Q,NA,1960,1962,3
08LG036,Q,NA,1965,1974,10
08LG041,H,NA,1945,2015,7
08LG041,Q,NA,1936,2015,43
08LG042,Q,NA,1948,1949,2
08LG043,Q,NA,1948,1950,2
08LG044,Q,NA,1948,1949,2
08LG046,H,NA,1933,2018,69
08LG047,Q,NA,1955,1955,1
08LG048,H,NA,2011,2017,7
08LG048,Q,NA,1965,2016,52
08LG049,H,NA,2011,2014,4
08LG049,Q,NA,1915,2014,52
08LG051,Q,NA,1965,1974,10
08LG052,Q,NA,1966,1970,5
08LG053,Q,NA,1966,1970,5
08LG054,Q,NA,1966,1966,1
08LG055,Q,NA,1967,1985,19
08LG056,H,NA,2013,2014,2
08LG056,Q,NA,1967,2014,47
08LG057,Q,NA,1970,1970,1
08LG058,Q,NA,1970,1971,2
08LG059,Q,NA,1971,1971,1
08LG060,Q,NA,1972,1996,25
08LG062,Q,NA,1981,1981,1
08LG063,Q,NA,1983,1983,1
08LG064,Q,NA,1982,2001,20
08LG065,H,NA,2011,2015,5
08LG065,Q,NA,1983,2015,33
08LG066,Q,NA,1984,1998,15
08LG067,H,NA,2011,2015,5
08LG067,Q,NA,1984,2015,32
08LG068,H,NA,2013,2015,3
08LG068,Q,NA,2000,2016,14
08MA001,H,NA,2011,2017,7
08MA001,I,DI,1983,1984,2
08MA001,Q,NA,1927,2017,91
08MA001,S,NA,1983,1983,1
08MA001,T,NA,1983,1983,1
08MA002,H,NA,2011,2018,7
08MA002,I,DI,1982,1984,3
08MA002,Q,NA,1928,2018,90
08MA002,S,NA,1982,1983,2
08MA002,T,NA,1982,1983,2
08MA003,H,NA,2011,2018,8
08MA003,I,DI,1982,1984,3
08MA003,Q,NA,1929,2018,39
08MA003,S,NA,1982,1983,2
08MA003,T,NA,1982,1983,2
08MA006,H,NA,2011,2014,4
08MA006,Q,NA,1974,2014,41
08MA007,Q,NA,1987,1990,4
08MB001,Q,NA,1930,1931,2
08MB002,Q,NA,1948,1954,7
08MB003,Q,NA,1945,1949,5
08MB004,Q,NA,1961,1971,11
08MB005,H,NA,2011,2017,7
08MB005,I,DI,1988,1991,4
08MB005,Q,NA,1970,2017,48
08MB006,H,NA,2011,2015,5
08MB006,Q,NA,1974,2015,42
08MB007,H,NA,2011,2017,7
08MB007,Q,NA,1974,2017,44
08MB008,Q,NA,1987,1989,3
08MB009,Q,NA,1987,1994,8
08MB010,Q,NA,1988,1989,2
08MB011,Q,NA,1988,1991,4
08MC001,Q,NA,1928,1930,3
08MC002,Q,NA,1927,1931,4
08MC003,Q,NA,1928,1941,14
08MC004,Q,NA,1928,1978,7
08MC005,Q,NA,1928,1996,32
08MC006,Q,NA,1929,1975,26
08MC007,Q,NA,1928,1930,3
08MC008,Q,NA,1928,1931,4
08MC009,H,NA,1955,1979,25
08MC011,Q,NA,1930,1930,1
08MC012,Q,NA,1930,1941,11
08MC013,Q,NA,1931,1941,8
08MC014,Q,NA,1931,1994,10
08MC016,H,NA,1937,1941,5
08MC017,Q,NA,1938,1952,7
08MC018,H,NA,2011,2015,5
08MC018,I,BL,1973,1979,7
08MC018,I,DI,1971,1992,20
08MC018,I,PI,1971,1984,11
08MC018,Q,NA,1950,2015,66
08MC018,S,NA,1971,1986,16
08MC018,T,NA,1971,1986,16
08MC019,Q,NA,1949,1950,2
08MC022,Q,NA,1957,1957,1
08MC023,H,NA,1960,1995,36
08MC024,Q,NA,1964,1968,5
08MC025,Q,NA,1965,1975,11
08MC026,Q,NA,1965,1966,2
08MC027,Q,NA,1965,1975,11
08MC028,Q,NA,1966,1970,5
08MC029,Q,NA,1966,1973,8
08MC030,Q,NA,1967,1975,9
08MC031,Q,NA,1967,1974,8
08MC032,Q,NA,1969,1979,10
08MC033,Q,NA,1974,1980,7
08MC035,Q,NA,1978,1979,2
08MC036,Q,NA,1979,1980,2
08MC037,Q,NA,1979,1980,2
08MC038,Q,NA,1979,1987,3
08MC039,H,NA,2011,2017,7
08MC039,Q,NA,1984,2010,27
08MC040,H,NA,2011,2017,7
08MC040,Q,NA,1984,2017,34
08MC041,Q,NA,1984,1991,8
08MC042,Q,NA,1986,1988,3
08MC043,Q,NA,1986,1994,9
08MC044,Q,NA,1987,1996,10
08MC045,H,NA,2011,2014,4
08MC045,Q,NA,1987,2014,21
08MC046,H,NA,1987,1991,5
08MC047,Q,NA,1988,1996,9
08MD001,Q,NA,1914,1927,12
08MD002,Q,NA,1915,1943,19
08MD003,Q,NA,1923,1980,6
08MD004,Q,NA,1924,1927,4
08MD005,Q,NA,1924,1927,4
08MD006,Q,NA,1924,1927,4
08MD007,Q,NA,1924,1927,4
08MD008,Q,NA,1929,1930,2
08MD009,Q,NA,1928,1930,3
08MD010,Q,NA,1928,1928,1
08MD011,Q,NA,1928,1980,4
08MD012,Q,NA,1928,1930,3
08MD013,Q,NA,1935,1972,38
08MD014,H,NA,1931,1943,11
08MD016,Q,NA,1937,1943,7
08MD017,Q,NA,1937,1943,7
08MD018,Q,NA,1947,1950,3
08MD019,Q,NA,1950,1950,1
08MD020,Q,NA,1946,1947,2
08MD023,Q,NA,1967,1969,3
08MD024,Q,NA,1967,1970,4
08MD025,Q,NA,1967,1970,4
08MD026,Q,NA,1971,1980,8
08MD027,Q,NA,1978,1978,1
08MD028,Q,NA,1979,1998,20
08MD029,Q,NA,1981,1985,5
08MD030,Q,NA,1981,1986,6
08MD031,H,NA,1982,1994,13
08MD032,Q,NA,1982,1994,13
08MD033,Q,NA,1982,1994,13
08MD034,Q,NA,1987,1990,4
08MD035,H,NA,2011,2014,4
08MD035,Q,NA,2000,2014,15
08ME001,Q,NA,1913,1948,36
08ME002,H,NA,2011,2018,8
08ME002,Q,NA,1914,2018,73
08ME003,H,NA,2011,2018,8
08ME003,Q,NA,1914,2018,77
08ME004,Q,NA,1924,1948,25
08ME005,Q,NA,1924,1941,18
08ME006,Q,NA,1924,1937,14
08ME007,Q,NA,1924,1927,4
08ME011,Q,NA,1926,1936,11
08ME012,Q,NA,1928,1966,7
08ME013,Q,NA,1928,1963,10
08ME014,Q,NA,1929,1941,13
08ME015,Q,NA,1949,1955,7
08ME016,Q,NA,1949,1950,2
08ME017,H,NA,1927,1978,46
08ME018,Q,NA,1950,1953,4
08ME019,H,NA,1943,1969,27
08ME022,Q,NA,1965,1968,4
08ME023,H,NA,2011,2019,9
08ME023,Q,NA,1978,2019,42
08ME024,Q,NA,1981,1987,7
08ME025,H,NA,2011,2018,8
08ME025,Q,NA,1983,2018,36
08ME026,Q,NA,1988,1994,7
08ME027,H,NA,2011,2017,7
08ME027,Q,NA,1996,2017,22
08ME028,H,NA,2011,2017,7
08ME028,Q,NA,1996,2017,22
08MF001,Q,NA,1912,1982,9
08MF002,Q,NA,1913,1951,11
08MF003,Q,NA,1911,1983,38
08MF004,Q,NA,1912,1914,3
08MF005,H,NA,1912,2016,103
08MF005,I,DI,1965,1979,15
08MF005,I,PI,1965,1978,12
08MF005,Q,NA,1912,2016,105
08MF005,S,NA,1965,1979,15
08MF005,T,NA,1965,1979,15
08MF006,Q,NA,1911,1951,18
08MF007,Q,NA,1912,1921,10
08MF008,Q,NA,1912,1921,10
08MF009,I,DI,1971,1971,1
08MF009,Q,NA,1911,1971,11
08MF009,S,NA,1965,1971,7
08MF009,T,NA,1965,1971,7
08MF011,Q,NA,1911,1913,3
08MF012,Q,NA,1914,1922,9
08MF013,Q,NA,1914,1916,3
08MF014,Q,NA,1914,1980,11
08MF015,Q,NA,1914,1921,7
08MF016,Q,NA,1915,1926,12
08MF017,H,NA,1929,1942,13
08MF017,Q,NA,1915,1915,1
08MF018,Q,NA,1916,1919,4
08MF020,Q,NA,1921,1965,10
08MF021,Q,NA,1920,1921,2
08MF022,Q,NA,1921,1927,7
08MF023,Q,NA,1921,1927,7
08MF027,Q,NA,1924,1927,4
08MF028,H,NA,1927,1931,5
08MF030,Q,NA,1933,1936,4
08MF031,Q,NA,1933,1936,4
08MF032,Q,NA,1933,1936,4
08MF033,Q,NA,1941,1945,5
08MF034,Q,NA,1950,1969,20
08MF035,H,NA,1949,2018,39
08MF035,I,BL,1970,1986,15
08MF035,I,BM,1978,1985,3
08MF035,I,DI,1966,1987,21
08MF035,I,PI,1968,1986,17
08MF035,Q,NA,1966,1986,21
08MF035,S,NA,1966,1986,21
08MF035,T,NA,1966,1986,21
08MF036,Q,NA,1952,1957,6
08MF037,Q,NA,1951,1952,2
08MF039,Q,NA,1953,1954,2
08MF040,H,NA,2011,2015,5
08MF040,Q,NA,1951,2015,65
08MF047,H,NA,1960,1964,5
08MF048,Q,NA,1960,1974,14
08MF049,Q,NA,1960,1964,5
08MF052,H,NA,1954,1954,1
08MF052,Q,NA,1960,1963,4
08MF054,Q,NA,1960,1963,4
08MF059,Q,NA,1961,1964,4
08MF061,Q,NA,1960,1964,5
08MF062,H,NA,2011,2017,7
08MF062,Q,NA,1965,2017,52
08MF063,Q,NA,1956,1958,3
08MF064,H,NA,1933,1950,18
08MF065,H,NA,2011,2015,5
08MF065,Q,NA,1973,2015,42
08MF066,Q,NA,1979,1980,2
08MF067,Q,NA,1982,1985,4
08MF068,H,NA,2011,2016,6
08MF068,Q,NA,1987,2016,29
08MF071,Q,NA,1997,1998,2
08MF072,H,NA,2012,2018,6
08MF073,H,NA,2012,2017,6
08MG001,H,NA,2011,2018,8
08MG001,Q,NA,1911,2018,48
08MG003,Q,NA,1913,1951,39
08MG004,Q,NA,1914,1948,28
08MG005,H,NA,2011,2017,7
08MG005,Q,NA,1914,2017,99
08MG006,Q,NA,1914,1948,27
08MG007,Q,NA,1915,1948,26
08MG008,Q,NA,1945,1971,27
08MG009,Q,NA,1946,1964,14
08MG010,Q,NA,1946,1946,1
08MG012,H,NA,1933,2018,86
08MG013,I,DI,1971,1971,1
08MG013,Q,NA,1951,2015,65
08MG013,S,NA,1965,1971,7
08MG013,T,NA,1965,1971,7
08MG014,H,NA,1938,2015,50
08MG017,Q,NA,1959,1964,6
08MG018,Q,NA,1959,1964,6
08MG019,I,DI,1968,1969,2
08MG019,Q,NA,1969,1989,21
08MG020,H,NA,1971,2018,47
08MG021,Q,NA,1974,1985,11
08MG022,H,NA,1973,2018,46
08MG023,Q,NA,1982,1983,2
08MG025,H,NA,2011,2017,7
08MG025,Q,NA,1987,2017,30
08MG026,H,NA,2011,2016,5
08MG026,Q,NA,1993,2016,23
08MG027,H,NA,2012,2017,6
08MG027,Q,NA,2012,2017,6
08MH001,H,NA,2011,2017,7
08MH001,I,BL,1971,1971,1
08MH001,I,DI,1968,1992,6
08MH001,Q,NA,1911,2017,88
08MH001,S,NA,1965,1976,12
08MH001,T,NA,1965,1976,12
08MH002,H,NA,2011,2018,8
08MH002,I,DI,1988,1992,5
08MH002,Q,NA,1915,2018,55
08MH003,Q,NA,1911,1912,2
08MH004,Q,NA,1913,1958,6
08MH005,H,NA,2011,2016,6
08MH005,Q,NA,1911,2016,55
08MH006,H,NA,2011,2018,8
08MH006,Q,NA,1911,2018,62
08MH008,Q,NA,1912,1913,2
08MH009,Q,NA,1912,1913,2
08MH010,Q,NA,1912,1915,4
08MH011,H,NA,1912,1912,1
08MH011,I,DI,1965,1971,7
08MH011,Q,NA,1901,1913,9
08MH011,S,NA,1965,1971,7
08MH012,Q,NA,1911,1912,2
08MH014,Q,NA,1916,1925,10
08MH016,H,NA,2011,2017,7
08MH016,Q,NA,1923,2017,90
08MH017,Q,NA,1952,1965,14
08MH018,Q,NA,1926,1986,30
08MH019,Q,NA,1926,1928,3
08MH020,Q,NA,1926,1980,31
08MH021,Q,NA,1926,1935,10
08MH022,Q,NA,1929,1935,7
08MH024,H,NA,1969,2014,42
08MH024,I,BL,1973,1987,15
08MH024,I,BM,1965,1985,18
08MH024,I,DI,1965,1992,28
08MH024,I,PI,1965,1987,19
08MH024,Q,NA,1965,2014,43
08MH024,S,NA,1965,1992,28
08MH024,T,NA,1965,1992,28
08MH026,Q,NA,1934,1971,38
08MH029,H,NA,1935,2017,42
08MH029,Q,NA,1952,2017,65
08MH031,H,NA,1943,1943,1
08MH033,Q,NA,1947,1964,15
08MH035,I,DI,1972,1974,3
08MH035,S,NA,1965,1974,10
08MH037,Q,NA,1950,1951,2
08MH045,Q,NA,1960,1964,5
08MH046,H,NA,1960,1970,11
08MH047,H,NA,1952,1995,44
08MH049,Q,NA,1960,1963,4
08MH050,Q,NA,1952,1963,12
08MH051,Q,NA,1955,1956,2
08MH055,Q,NA,1956,1962,7
08MH056,H,NA,2011,2017,7
08MH056,Q,NA,1957,2017,61
08MH058,I,DI,1988,1992,5
08MH058,Q,NA,1959,2007,48
08MH059,Q,NA,1961,1964,4
08MH060,Q,NA,1961,1966,6
08MH061,Q,NA,1958,1978,16
08MH068,H,NA,1968,1969,2
08MH068,Q,NA,1961,1971,6
08MH069,H,NA,1960,1964,5
08MH070,Q,NA,1960,1964,5
08MH071,H,NA,1960,1964,5
08MH072,Q,NA,1960,1986,7
08MH073,Q,NA,1960,1964,5
08MH074,H,NA,1960,1964,5
08MH075,H,NA,1960,1964,5
08MH076,H,NA,2011,2017,7
08MH076,Q,NA,1960,2017,58
08MH077,Q,NA,1960,1964,5
08MH079,Q,NA,1961,1964,4
08MH080,Q,NA,1960,1964,5
08MH081,Q,NA,1961,1964,4
08MH082,Q,NA,1960,1964,5
08MH083,H,NA,1960,1971,8
08MH084,Q,NA,1959,1990,12
08MH085,H,NA,1960,1964,5
08MH086,H,NA,1960,1964,5
08MH088,Q,NA,1960,1964,5
08MH089,Q,NA,1960,1963,4
08MH090,H,NA,2011,2017,7
08MH090,Q,NA,1960,2017,55
08MH091,Q,NA,1960,1995,36
08MH092,Q,NA,1960,1964,5
08MH093,H,NA,1972,1980,9
08MH094,H,NA,1960,1964,5
08MH095,Q,NA,1960,1964,5
08MH096,Q,NA,1961,1964,4
08MH097,Q,NA,1960,1978,19
08MH098,H,NA,2011,2016,6
08MH098,Q,NA,1960,2016,56
08MH099,Q,NA,1960,1964,5
08MH100,H,NA,1960,1964,5
08MH103,H,NA,2011,2017,7
08MH103,Q,NA,1963,2017,55
08MH104,Q,NA,1965,1987,23
08MH105,Q,NA,1965,1984,20
08MH107,Q,NA,1965,1968,4
08MH108,Q,NA,1965,1979,15
08MH112,Q,NA,1965,1965,1
08MH117,Q,NA,1965,1965,1
08MH123,Q,NA,1966,1994,12
08MH125,H,NA,1968,1977,10
08MH126,H,NA,1998,2006,4
08MH126,I,BL,1973,1978,6
08MH126,I,BM,1965,1978,14
08MH126,I,DI,1965,1987,17
08MH126,I,PI,1967,1978,11
08MH126,Q,NA,1965,1992,18
08MH126,S,NA,1965,1977,13
08MH126,T,NA,1965,1972,8
08MH129,Q,NA,1969,1983,15
08MH130,H,NA,1973,1975,3
08MH131,H,NA,1970,1974,5
08MH133,H,NA,1972,1981,10
08MH134,H,NA,1976,1976,1
08MH134,Q,NA,1972,1984,9
08MH138,Q,NA,1980,1984,5
08MH139,Q,NA,1980,1980,1
08MH141,H,NA,2011,2018,8
08MH141,Q,NA,1982,2018,37
08MH145,Q,NA,1982,1985,4
08MH146,Q,NA,1982,1984,3
08MH147,H,NA,2011,2016,6
08MH147,Q,NA,1983,2016,34
08MH148,H,NA,1983,1996,14
08MH149,H,NA,1984,2018,35
08MH150,Q,NA,1984,2006,23
08MH151,Q,NA,1984,1992,8
08MH152,Q,NA,1984,2012,29
08MH153,H,NA,2011,2018,8
08MH153,Q,NA,1984,2018,35
08MH154,Q,NA,1985,1998,14
08MH155,H,NA,2011,2017,7
08MH155,Q,NA,1985,2017,33
08MH156,H,NA,2011,2016,6
08MH156,Q,NA,1985,2016,32
08MH157,Q,NA,1985,1989,5
08MH163,Q,NA,1991,1995,5
08MH166,H,NA,2011,2018,8
08MH166,Q,NA,2001,2018,18
08MH167,H,NA,2008,2017,10
08MH168,H,NA,2011,2018,8
08MH168,Q,NA,2009,2018,10
08NA001,Q,NA,1912,1956,20
08NA002,H,NA,1984,2018,35
08NA002,I,DI,1982,1983,2
08NA002,Q,NA,1903,2018,115
08NA002,S,NA,1982,1983,2
08NA002,T,NA,1982,1983,2
08NA004,H,NA,1912,1984,43
08NA005,Q,NA,1912,1951,12
08NA006,H,NA,2011,2018,8
08NA006,Q,NA,1911,2018,57
08NA007,Q,NA,1912,1918,7
08NA008,Q,NA,1912,1918,7
08NA009,Q,NA,1912,1919,7
08NA010,Q,NA,1912,1913,2
08NA011,H,NA,2011,2018,8
08NA011,Q,NA,1912,2018,73
08NA012,Q,NA,1912,1984,23
08NA014,Q,NA,1914,1914,1
08NA015,Q,NA,1914,1915,2
08NA016,Q,NA,1914,1915,2
08NA017,Q,NA,1914,1915,2
08NA018,Q,NA,1914,1978,31
08NA019,Q,NA,1926,1927,2
08NA020,Q,NA,1938,1982,16
08NA021,Q,NA,1914,1929,4
08NA022,Q,NA,1914,1929,4
08NA023,Q,NA,1915,1942,6
08NA024,Q,NA,1914,1979,41
08NA025,Q,NA,1930,1931,2
08NA026,Q,NA,1925,1960,3
08NA028,Q,NA,1930,1931,2
08NA029,Q,NA,1930,1930,1
08NA030,Q,NA,1924,1964,6
08NA031,Q,NA,1924,1924,1
08NA034,Q,NA,1927,1927,1
08NA035,Q,NA,1927,1927,1
08NA036,Q,NA,1928,1967,5
08NA037,Q,NA,1924,1998,28
08NA038,Q,NA,1928,1930,3
08NA039,Q,NA,1930,1980,15
08NA041,Q,NA,1931,1931,1
08NA042,Q,NA,1931,1931,1
08NA043,Q,NA,1940,1941,2
08NA045,Q,NA,1944,1996,53
08NA046,Q,NA,1945,1948,4
08NA047,Q,NA,1946,1947,2
08NA048,Q,NA,1946,1950,5
08NA049,Q,NA,1946,1951,6
08NA050,Q,NA,1947,1950,4
08NA051,Q,NA,1948,1954,7
08NA052,Q,NA,1950,1956,7
08NA053,Q,NA,1952,1996,8
08NA054,Q,NA,1961,1961,1
08NA055,Q,NA,1961,1970,6
08NA056,Q,NA,1964,1974,11
08NA057,Q,NA,1964,1969,6
08NA058,Q,NA,1964,1969,6
08NA060,Q,NA,1965,1977,11
08NA061,Q,NA,1963,1964,2
08NA062,Q,NA,1967,1971,4
08NA063,Q,NA,1967,1971,5
08NA067,Q,NA,1972,1982,11
08NA068,Q,NA,1972,1978,7
08NB001,Q,NA,1911,1969,10
08NB002,Q,NA,1914,1964,10
08NB003,Q,NA,1913,1914,2
08NB004,Q,NA,1928,1975,15
08NB005,H,NA,2011,2018,8
08NB005,I,DI,1982,1983,2
08NB005,Q,NA,1944,2018,75
08NB005,S,NA,1982,1983,2
08NB005,T,NA,1982,1983,2
08NB006,Q,NA,1948,1966,19
08NB009,Q,NA,1965,1976,11
08NB010,Q,NA,1966,1976,11
08NB011,Q,NA,1944,1949,6
08NB012,H,NA,2011,2018,8
08NB012,Q,NA,1970,2018,49
08NB013,Q,NA,1974,1995,22
08NB014,H,NA,2011,2018,8
08NB014,Q,NA,1973,2018,46
08NB015,Q,NA,1974,1996,23
08NB016,H,NA,2011,2018,8
08NB016,Q,NA,1974,2018,45
08NB017,H,NA,1980,2018,39
08NB018,Q,NA,1980,1986,7
08NB019,H,NA,2011,2018,8
08NB019,Q,NA,1985,2018,34
08NB020,H,NA,2015,2018,4
08NB020,Q,NA,2015,2018,4
08NC001,Q,NA,1948,1972,17
08NC002,Q,NA,1947,1967,15
08NC003,Q,NA,1966,1967,2
08NC004,H,NA,2011,2016,6
08NC004,Q,NA,1971,2016,45
08NC005,Q,NA,1995,1995,1
08ND001,Q,NA,1913,1954,11
08ND002,H,NA,1912,1989,63
08ND002,Q,NA,1912,1950,34
08ND003,Q,NA,1911,1916,6
08ND004,Q,NA,1946,1957,4
08ND005,Q,NA,1913,1914,2
08ND006,H,NA,1944,1947,4
08ND006,Q,NA,1948,1968,21
08ND007,Q,NA,1947,1983,37
08ND009,Q,NA,1953,1983,31
08ND011,I,DI,1967,1976,9
08ND011,Q,NA,1955,1986,32
08ND011,S,NA,1967,1976,10
08ND011,T,NA,1967,1976,10
08ND012,H,NA,2011,2018,8
08ND012,Q,NA,1954,2018,60
08ND013,H,NA,2011,2017,7
08ND013,Q,NA,1963,2017,55
08ND014,Q,NA,1963,1988,26
08ND015,Q,NA,1964,1965,2
08ND016,Q,NA,1967,1974,8
08ND017,H,NA,1974,2019,46
08ND018,Q,NA,1973,1998,26
08ND019,Q,NA,1973,2005,33
08ND021,Q,NA,1984,1984,1
08ND022,Q,NA,1985,1989,5
08ND024,Q,NA,1985,1985,1
08ND025,Q,NA,1986,2019,33
08NE001,Q,NA,1914,1996,47
08NE002,H,NA,1930,1984,55
08NE002,Q,NA,1913,1972,15
08NE003,H,NA,1913,1969,57
08NE003,Q,NA,1913,1937,25
08NE005,Q,NA,1914,1914,1
08NE006,H,NA,2011,2015,5
08NE006,Q,NA,1914,2015,55
08NE007,Q,NA,1914,1914,1
08NE008,H,NA,2011,2017,7
08NE008,Q,NA,1952,2017,65
08NE009,Q,NA,1915,1920,6
08NE011,Q,NA,1919,1921,3
08NE012,Q,NA,1916,1920,5
08NE016,Q,NA,1922,1924,3
08NE017,Q,NA,1930,1930,1
08NE019,Q,NA,1923,1924,2
08NE020,Q,NA,1923,1926,4
08NE021,Q,NA,1923,1986,25
08NE022,Q,NA,1923,1925,3
08NE023,Q,NA,1923,1926,4
08NE024,Q,NA,1923,1926,4
08NE025,Q,NA,1924,1964,6
08NE026,Q,NA,1925,1929,5
08NE027,Q,NA,1925,1959,5
08NE028,Q,NA,1930,1930,1
08NE030,Q,NA,1927,1929,3
08NE031,Q,NA,1927,1929,3
08NE032,Q,NA,1928,1929,2
08NE033,Q,NA,1928,1929,2
08NE034,Q,NA,1928,1929,2
08NE035,Q,NA,1928,1929,2
08NE036,Q,NA,1928,1931,4
08NE037,Q,NA,1928,1930,3
08NE038,H,NA,1930,1968,32
08NE039,H,NA,2011,2018,8
08NE039,Q,NA,1929,2018,72
08NE042,Q,NA,1930,1969,2
08NE043,Q,NA,1930,1930,1
08NE044,H,NA,1947,1950,4
08NE044,Q,NA,1936,1946,11
08NE045,H,NA,1922,1969,48
08NE046,H,NA,1930,1968,39
08NE047,Q,NA,1937,1939,2
08NE048,Q,NA,1937,1939,3
08NE049,H,NA,2011,2017,7
08NE049,I,DI,1982,1982,1
08NE049,Q,NA,1937,2017,81
08NE049,S,NA,1965,1982,18
08NE049,T,NA,1965,1982,18
08NE050,Q,NA,1938,1942,3
08NE051,Q,NA,1938,1939,2
08NE052,Q,NA,1938,1944,5
08NE053,Q,NA,1938,1939,2
08NE054,Q,NA,1938,1939,2
08NE055,Q,NA,1939,1957,4
08NE056,Q,NA,1940,1940,1
08NE057,Q,NA,1940,1942,3
08NE060,Q,NA,1944,1944,1
08NE061,Q,NA,1944,1947,4
08NE062,Q,NA,1930,1965,8
08NE063,Q,NA,1944,1951,8
08NE064,Q,NA,1945,1948,4
08NE065,Q,NA,1945,1948,4
08NE066,Q,NA,1945,1950,5
08NE067,Q,NA,1946,1950,5
08NE068,H,NA,1946,1946,1
08NE069,Q,NA,1946,1950,5
08NE070,Q,NA,1946,1950,5
08NE071,Q,NA,1946,1951,6
08NE072,Q,NA,1947,1954,8
08NE073,Q,NA,1948,1969,15
08NE074,H,NA,2011,2018,8
08NE074,Q,NA,1949,2018,70
08NE075,Q,NA,1946,1946,1
08NE076,Q,NA,1951,1956,6
08NE077,H,NA,2011,2017,7
08NE077,Q,NA,1950,2017,68
08NE078,Q,NA,1950,1965,16
08NE080,Q,NA,1953,1953,1
08NE082,Q,NA,1955,1958,4
08NE083,Q,NA,1955,1958,4
08NE085,Q,NA,1958,1960,3
08NE086,Q,NA,1958,1959,2
08NE087,H,NA,2011,2018,8
08NE087,Q,NA,1958,2018,61
08NE088,Q,NA,1950,1980,22
08NE089,Q,NA,1960,1968,5
08NE090,Q,NA,1956,1960,3
08NE091,Q,NA,1961,1966,5
08NE092,Q,NA,1961,1966,5
08NE094,Q,NA,1964,1967,4
08NE095,Q,NA,1964,1967,4
08NE096,Q,NA,1964,1967,4
08NE097,Q,NA,1965,1974,10
08NE098,H,NA,1961,1974,14
08NE099,Q,NA,1967,1974,8
08NE100,Q,NA,1967,1974,8
08NE101,Q,NA,1968,1975,8
08NE102,H,NA,1969,2017,49
08NE103,H,NA,1969,1988,20
08NE104,H,NA,1969,2017,49
08NE105,H,NA,1970,1988,19
08NE106,Q,NA,1969,1978,10
08NE107,H,NA,1969,1974,5
08NE108,Q,NA,1970,1974,5
08NE109,Q,NA,1970,1970,1
08NE110,H,NA,2011,2016,6
08NE110,Q,NA,1971,2016,42
08NE111,Q,NA,1971,1974,4
08NE112,Q,NA,1971,1974,4
08NE113,Q,NA,1971,1982,12
08NE114,H,NA,2011,2017,7
08NE114,Q,NA,1973,2017,45
08NE115,Q,NA,1973,1975,3
08NE116,Q,NA,1973,1975,3
08NE117,Q,NA,1973,1996,24
08NE118,Q,NA,1975,1989,15
08NE119,H,NA,1975,1991,17
08NE120,Q,NA,1977,1980,4
08NE121,Q,NA,1977,1981,5
08NE122,Q,NA,1977,1981,5
08NE123,H,NA,2011,2017,7
08NE123,Q,NA,1980,2017,15
08NE124,Q,NA,1982,1984,3
08NE125,Q,NA,1982,1984,3
08NE126,Q,NA,1973,2019,46
08NE127,Q,NA,1987,1990,4
08NE128,H,NA,1996,2003,8
08NE129,Q,NA,1998,1998,1
08NF001,H,NA,2011,2018,8
08NF001,Q,NA,1939,2018,78
08NF002,I,DI,1982,1983,2
08NF002,Q,NA,1939,1995,45
08NF002,S,NA,1982,1983,2
08NF002,T,NA,1982,1983,2
08NF003,Q,NA,1940,1948,9
08NF004,Q,NA,1946,1956,11
08NF005,Q,NA,1972,1999,28
08NF006,Q,NA,1973,1995,23
08NG001,Q,NA,1914,1955,11
08NG002,H,NA,2011,2018,8
08NG002,Q,NA,1914,2018,100
08NG003,Q,NA,1913,1923,7
08NG004,Q,NA,1914,1955,10
08NG005,Q,NA,1914,1972,59
08NG006,Q,NA,1914,1966,9
08NG007,Q,NA,1914,1917,4
08NG008,Q,NA,1914,1931,10
08NG009,Q,NA,1914,1956,11
08NG010,Q,NA,1914,1955,17
08NG011,Q,NA,1914,1956,18
08NG012,Q,NA,1914,1995,54
08NG013,Q,NA,1914,1914,1
08NG014,Q,NA,1920,1927,8
08NG015,Q,NA,1920,1927,7
08NG016,Q,NA,1920,1920,1
08NG017,Q,NA,1924,1976,10
08NG021,Q,NA,1930,1931,2
08NG022,Q,NA,1924,1927,4
08NG023,Q,NA,1924,1966,14
08NG024,Q,NA,1924,1967,4
08NG026,Q,NA,1926,1966,8
08NG027,Q,NA,1927,1929,3
08NG028,Q,NA,1927,1943,4
08NG029,Q,NA,1927,1943,10
08NG030,Q,NA,1927,1929,3
08NG031,Q,NA,1928,1931,4
08NG032,Q,NA,1928,1954,9
08NG033,Q,NA,1928,1929,2
08NG034,Q,NA,1928,1959,5
08NG035,Q,NA,1928,1943,9
08NG036,Q,NA,1929,1929,1
08NG037,Q,NA,1929,1931,3
08NG038,Q,NA,1929,1929,1
08NG040,Q,NA,1930,1944,15
08NG042,Q,NA,1930,1972,43
08NG043,Q,NA,1931,1968,2
08NG044,Q,NA,1940,1949,10
08NG045,Q,NA,1944,1945,2
08NG046,Q,NA,1945,1995,51
08NG047,Q,NA,1947,1965,19
08NG048,Q,NA,1947,1965,19
08NG049,Q,NA,1949,1954,6
08NG051,Q,NA,1949,1984,29
08NG052,Q,NA,1949,1954,6
08NG053,Q,NA,1950,1996,47
08NG056,Q,NA,1956,1956,1
08NG057,Q,NA,1968,1973,6
08NG058,Q,NA,1959,1975,17
08NG059,Q,NA,1961,1965,3
08NG060,Q,NA,1963,1963,1
08NG061,Q,NA,1964,1966,3
08NG062,Q,NA,1965,1969,5
08NG063,Q,NA,1965,1969,5
08NG064,Q,NA,1965,1966,2
08NG065,H,NA,2011,2018,8
08NG065,I,DI,1988,1992,5
08NG065,Q,NA,1963,2018,56
08NG068,Q,NA,1968,1976,4
08NG069,Q,NA,1968,1968,1
08NG070,Q,NA,1968,1974,4
08NG071,Q,NA,1969,1975,7
08NG072,Q,NA,1969,1975,7
08NG073,Q,NA,1970,1978,9
08NG074,Q,NA,1971,1978,8
08NG076,H,NA,2011,2017,7
08NG076,Q,NA,1972,2017,46
08NG077,H,NA,2011,2018,8
08NG077,Q,NA,1973,2018,46
08NG078,Q,NA,1972,1995,24
08NG079,H,NA,1974,1996,20
08NG080,Q,NA,1973,1976,4
08NG082,Q,NA,1977,1983,7
08NG083,Q,NA,1978,1983,6
08NG084,Q,NA,1977,1980,4
08NG085,Q,NA,1989,1999,11
08NG086,Q,NA,1989,1998,10
08NG087,Q,NA,1996,1998,3
08NG088,Q,NA,1996,1998,3
08NH001,Q,NA,1915,1967,39
08NH002,Q,NA,1915,1915,1
08NH003,Q,NA,1915,1966,7
08NH004,Q,NA,1914,1995,76
08NH005,H,NA,2011,2018,8
08NH005,Q,NA,1914,2018,62
08NH007,H,NA,2011,2018,8
08NH007,Q,NA,1917,2018,72
08NH008,Q,NA,1921,1923,3
08NH009,Q,NA,1921,1983,29
08NH010,Q,NA,1921,1966,7
08NH011,Q,NA,1921,1969,9
08NH012,Q,NA,1921,1967,11
08NH013,Q,NA,1921,1968,9
08NH014,Q,NA,1921,1924,4
08NH015,Q,NA,1921,1929,7
08NH016,H,NA,2011,2018,8
08NH016,I,DI,1984,1985,2
08NH016,Q,NA,1921,2018,54
08NH016,S,NA,1979,1985,7
08NH016,T,NA,1979,1985,7
08NH018,H,NA,1923,1948,15
08NH019,Q,NA,1924,1929,6
08NH020,Q,NA,1925,1929,5
08NH024,H,NA,1929,1932,3
08NH026,H,NA,1925,1971,42
08NH028,H,NA,1925,1973,49
08NH034,Q,NA,1944,1970,27
08NH036,Q,NA,1926,1958,6
08NH037,Q,NA,1926,1929,4
08NH038,Q,NA,1926,1926,1
08NH039,Q,NA,1927,1961,5
08NH040,Q,NA,1927,1929,3
08NH041,Q,NA,1927,1959,5
08NH042,Q,NA,1927,1929,3
08NH043,Q,NA,1928,1929,2
08NH044,Q,NA,1928,1929,2
08NH045,Q,NA,1928,1930,3
08NH046,Q,NA,1928,1974,6
08NH047,Q,NA,1928,1931,4
08NH048,Q,NA,1928,1929,2
08NH049,Q,NA,1928,1929,2
08NH050,Q,NA,1928,1929,2
08NH051,Q,NA,1928,1986,19
08NH052,Q,NA,1928,1975,14
08NH053,H,NA,1929,1933,5
08NH054,Q,NA,1929,1930,2
08NH056,Q,NA,1930,1930,1
08NH057,Q,NA,1930,1968,8
08NH058,Q,NA,1930,1931,2
08NH059,Q,NA,1930,1931,2
08NH060,H,NA,1930,1950,7
08NH061,Q,NA,1930,1931,2
08NH062,H,NA,1930,1971,37
08NH063,Q,NA,1930,1967,5
08NH064,H,NA,1931,2018,88
08NH065,Q,NA,1931,1931,1
08NH066,Q,NA,1934,1956,23
08NH067,H,NA,1936,2018,82
08NH068,Q,NA,1937,1955,13
08NH069,Q,NA,1937,1937,1
08NH070,Q,NA,1939,1954,9
08NH071,Q,NA,1939,1939,1
08NH072,Q,NA,1939,1943,5
08NH073,Q,NA,1939,1943,5
08NH074,Q,NA,1940,1959,4
08NH075,Q,NA,1940,1944,4
08NH076,Q,NA,1942,1945,4
08NH077,Q,NA,1944,1948,5
08NH078,Q,NA,1944,1948,5
08NH079,Q,NA,1944,1974,9
08NH080,Q,NA,1944,1948,5
08NH081,Q,NA,1944,1948,5
08NH082,Q,NA,1945,1950,6
08NH083,Q,NA,1945,1948,4
08NH084,H,NA,2011,2018,8
08NH084,I,DI,1984,1985,2
08NH084,Q,NA,1945,2018,63
08NH084,S,NA,1979,1985,7
08NH084,T,NA,1979,1985,7
08NH085,Q,NA,1945,1982,13
08NH086,Q,NA,1945,1948,4
08NH087,Q,NA,1945,1950,5
08NH089,H,NA,1945,1945,1
08NH090,H,NA,1945,1945,1
08NH091,H,NA,1945,1945,1
08NH092,H,NA,1946,1950,5
08NH093,H,NA,1946,1950,5
08NH094,H,NA,1946,1950,5
08NH095,H,NA,1946,1950,5
08NH096,H,NA,1946,1950,5
08NH098,H,NA,1947,1955,8
08NH099,Q,NA,1946,1948,3
08NH100,Q,NA,1946,1955,10
08NH101,Q,NA,1947,1992,11
08NH102,Q,NA,1947,1952,6
08NH103,Q,NA,1947,1951,5
08NH104,Q,NA,1947,1952,6
08NH105,Q,NA,1949,1962,7
08NH106,Q,NA,1949,1953,5
08NH107,H,NA,1951,2003,53
08NH108,H,NA,1951,1953,3
08NH109,Q,NA,1951,1954,4
08NH110,H,NA,1915,1967,39
08NH111,H,NA,1944,1970,27
08NH112,Q,NA,1957,1959,3
08NH113,Q,NA,1958,1961,3
08NH114,Q,NA,1958,1959,2
08NH115,H,NA,2011,2017,7
08NH115,Q,NA,1958,2017,56
08NH116,Q,NA,1960,1961,2
08NH117,Q,NA,1962,1999,9
08NH118,H,NA,2011,2018,8
08NH118,Q,NA,1963,2018,56
08NH119,H,NA,2011,2018,8
08NH119,Q,NA,1962,2018,57
08NH120,H,NA,2011,2018,8
08NH120,Q,NA,1964,2018,55
08NH121,Q,NA,1965,1974,10
08NH122,Q,NA,1965,1967,3
08NH124,I,DI,1967,1971,3
08NH124,Q,NA,1967,1973,7
08NH124,S,NA,1967,1973,7
08NH124,T,NA,1967,1973,7
08NH125,I,DI,1967,1971,5
08NH125,Q,NA,1967,1973,7
08NH125,S,NA,1967,1973,7
08NH125,T,NA,1967,1973,7
08NH126,Q,NA,1969,2019,51
08NH127,H,NA,1967,2018,52
08NH128,I,DI,1969,1971,3
08NH128,Q,NA,1968,1973,6
08NH128,S,NA,1968,1973,6
08NH128,T,NA,1968,1973,6
08NH129,H,NA,1970,1987,18
08NH129,I,DI,1984,1987,4
08NH129,S,NA,1970,1983,14
08NH130,H,NA,2011,2019,9
08NH130,Q,NA,1973,2019,47
08NH131,Q,NA,1973,2004,32
08NH132,H,NA,2011,2017,7
08NH132,Q,NA,1973,2017,45
08NH133,Q,NA,1979,1980,2
08NH137,Q,NA,1983,1985,3
08NH138,H,NA,2011,2015,5
08NH138,Q,NA,1998,2015,18
08NJ001,Q,NA,1913,1944,32
08NJ002,Q,NA,1930,1930,1
08NJ003,Q,NA,1914,1930,4
08NJ004,Q,NA,1914,1917,4
08NJ005,Q,NA,1914,1917,4
08NJ006,Q,NA,1914,1919,6
08NJ007,Q,NA,1907,1915,9
08NJ008,Q,NA,1913,1914,2
08NJ009,H,NA,1913,2003,91
08NJ009,Q,NA,1913,1937,25
08NJ010,Q,NA,1914,1914,1
08NJ011,Q,NA,1916,1916,1
08NJ012,Q,NA,1916,1920,5
08NJ013,H,NA,2011,2018,8
08NJ013,Q,NA,1914,2018,96
08NJ014,Q,NA,1916,1968,32
08NJ015,Q,NA,1921,1929,4
08NJ016,Q,NA,1921,1977,15
08NJ017,Q,NA,1921,1924,4
08NJ018,Q,NA,1921,1970,10
08NJ019,Q,NA,1921,2000,23
08NJ020,Q,NA,1921,1950,11
08NJ021,Q,NA,1921,1950,7
08NJ022,Q,NA,1921,1927,4
08NJ023,Q,NA,1921,1933,7
08NJ024,Q,NA,1921,1962,6
08NJ026,H,NA,2011,2018,8
08NJ026,Q,NA,1922,2018,27
08NJ027,Q,NA,1922,1994,27
08NJ028,Q,NA,1922,1922,1
08NJ029,Q,NA,1922,1922,1
08NJ030,Q,NA,1922,1929,5
08NJ031,Q,NA,1922,1947,7
08NJ032,Q,NA,1946,1950,5
08NJ033,Q,NA,1923,1927,5
08NJ034,Q,NA,1923,1966,7
08NJ035,Q,NA,1923,1927,5
08NJ036,Q,NA,1923,1970,14
08NJ037,Q,NA,1923,1931,2
08NJ038,Q,NA,1923,1923,1
08NJ039,Q,NA,1923,1969,9
08NJ040,Q,NA,1923,1924,2
08NJ041,Q,NA,1924,1961,7
08NJ042,Q,NA,1924,1926,3
08NJ044,Q,NA,1925,1943,7
08NJ046,Q,NA,1926,1958,5
08NJ047,Q,NA,1926,1929,4
08NJ048,Q,NA,1926,1929,4
08NJ049,Q,NA,1926,1966,8
08NJ050,Q,NA,1926,1926,1
08NJ051,Q,NA,1927,1927,1
08NJ053,Q,NA,1927,1929,3
08NJ054,Q,NA,1927,1929,2
08NJ055,Q,NA,1927,1929,3
08NJ056,Q,NA,1927,1948,5
08NJ057,Q,NA,1927,1927,1
08NJ058,Q,NA,1927,1929,3
08NJ059,Q,NA,1927,1929,2
08NJ060,Q,NA,1927,1931,3
08NJ061,H,NA,2011,2018,8
08NJ061,Q,NA,1967,2018,47
08NJ062,Q,NA,1927,1931,4
08NJ064,Q,NA,1927,1927,1
08NJ065,Q,NA,1928,1962,10
08NJ066,Q,NA,1928,1933,4
08NJ067,Q,NA,1928,1944,3
08NJ068,Q,NA,1928,1960,5
08NJ069,Q,NA,1928,1974,10
08NJ070,Q,NA,1928,1929,2
08NJ071,Q,NA,1928,1929,2
08NJ072,Q,NA,1928,1959,6
08NJ073,H,NA,1929,1948,17
08NJ074,H,NA,1929,1948,9
08NJ075,H,NA,1929,1933,5
08NJ076,H,NA,1929,1948,8
08NJ077,H,NA,1929,1948,7
08NJ078,H,NA,1929,1949,9
08NJ079,H,NA,1929,1949,9
08NJ080,H,NA,1929,1949,14
08NJ081,H,NA,1929,1949,15
08NJ082,H,NA,1929,1949,14
08NJ084,H,NA,1929,1949,8
08NJ085,H,NA,1929,1949,9
08NJ086,H,NA,1929,1949,9
08NJ087,H,NA,1929,1948,8
08NJ088,H,NA,1929,1949,9
08NJ089,H,NA,1928,1948,13
08NJ090,H,NA,1928,1939,12
08NJ091,H,NA,1928,1948,11
08NJ092,H,NA,1928,1948,17
08NJ095,Q,NA,1929,1959,4
08NJ096,H,NA,1929,1949,9
08NJ097,Q,NA,1929,1929,1
08NJ098,Q,NA,1929,1975,12
08NJ099,Q,NA,1932,1944,4
08NJ101,Q,NA,1930,1930,1
08NJ102,Q,NA,1930,1967,7
08NJ103,Q,NA,1930,1967,7
08NJ104,Q,NA,1930,1966,9
08NJ106,Q,NA,1931,1994,10
08NJ107,Q,NA,1931,1954,4
08NJ108,Q,NA,1931,1966,3
08NJ109,Q,NA,1932,1945,5
08NJ110,Q,NA,1932,1933,2
08NJ111,Q,NA,1932,1933,2
08NJ112,Q,NA,1932,1981,14
08NJ113,H,NA,1932,2003,72
08NJ114,H,NA,1932,2003,72
08NJ115,Q,NA,1937,1948,5
08NJ116,Q,NA,1939,1950,7
08NJ117,Q,NA,1939,1950,7
08NJ118,Q,NA,1944,1947,4
08NJ119,Q,NA,1944,1948,5
08NJ120,Q,NA,1944,1980,15
08NJ121,Q,NA,1944,1946,3
08NJ122,Q,NA,1944,1944,1
08NJ123,Q,NA,1944,1948,5
08NJ124,Q,NA,1944,1944,1
08NJ125,Q,NA,1945,1947,3
08NJ126,Q,NA,1944,1994,18
08NJ128,H,NA,1945,1950,6
08NJ129,I,DI,1983,1986,4
08NJ129,Q,NA,1945,1996,37
08NJ129,S,NA,1983,1983,1
08NJ129,T,NA,1983,1983,1
08NJ130,H,NA,2011,2018,8
08NJ130,I,DI,1984,1992,9
08NJ130,Q,NA,1945,2018,59
08NJ130,S,NA,1983,1985,3
08NJ130,T,NA,1983,1985,3
08NJ131,Q,NA,1947,1960,6
08NJ132,Q,NA,1949,1953,5
08NJ133,Q,NA,1952,1957,6
08NJ134,Q,NA,1953,1957,4
08NJ135,Q,NA,1955,1956,2
08NJ137,H,NA,1916,1969,34
08NJ138,Q,NA,1957,1958,2
08NJ139,Q,NA,1957,1958,2
08NJ140,Q,NA,1958,1958,1
08NJ141,Q,NA,1959,1960,2
08NJ143,Q,NA,1959,1962,4
08NJ145,Q,NA,1921,1966,9
08NJ146,Q,NA,1961,1966,5
08NJ147,Q,NA,1963,1967,5
08NJ149,Q,NA,1964,1968,5
08NJ150,Q,NA,1964,1966,3
08NJ151,Q,NA,1964,1966,3
08NJ152,Q,NA,1965,1971,7
08NJ153,Q,NA,1965,1974,10
08NJ154,Q,NA,1966,1969,4
08NJ155,Q,NA,1966,1970,5
08NJ156,Q,NA,1966,1970,5
08NJ157,Q,NA,1966,1969,4
08NJ158,Q,NA,1937,2019,83
08NJ159,Q,NA,1970,1973,4
08NJ160,H,NA,2011,2018,8
08NJ160,Q,NA,1973,2018,46
08NJ161,Q,NA,1927,1930,3
08NJ162,I,DI,1983,1992,10
08NJ162,Q,NA,1981,1993,13
08NJ162,S,NA,1983,1983,1
08NJ162,T,NA,1983,1983,1
08NJ163,Q,NA,1981,1988,8
08NJ164,Q,NA,1982,1998,17
08NJ165,Q,NA,1982,1994,13
08NJ166,Q,NA,1982,1985,4
08NJ167,Q,NA,1982,1998,17
08NJ168,H,NA,2011,2015,5
08NJ168,I,DI,1984,1992,9
08NJ168,Q,NA,1983,2015,33
08NJ168,S,NA,1983,1992,10
08NJ168,T,NA,1983,1992,10
08NJ169,Q,NA,1983,1983,1
08NJ170,Q,NA,1983,1983,1
08NJ171,Q,NA,1983,1984,2
08NJ172,Q,NA,2001,2004,4
08NK001,H,NA,1946,1965,20
08NK001,Q,NA,1914,1944,27
08NK002,H,NA,2011,2018,8
08NK002,Q,NA,1925,2018,52
08NK002,S,NA,1970,1977,8
08NK002,T,NA,1970,1977,8
08NK004,Q,NA,1929,1945,4
08NK005,Q,NA,1924,1996,73
08NK006,Q,NA,1927,1929,3
08NK007,Q,NA,1927,1929,3
08NK008,Q,NA,1927,1961,3
08NK011,Q,NA,1938,1945,4
08NK012,Q,NA,1944,1969,26
08NK013,Q,NA,1947,1952,6
08NK014,Q,NA,1947,1951,5
08NK016,H,NA,2011,2018,8
08NK016,Q,NA,1950,2018,69
08NK016,S,NA,1970,1977,8
08NK016,T,NA,1970,1977,8
08NK017,Q,NA,1963,1966,4
08NK018,H,NA,2011,2018,8
08NK018,Q,NA,1970,2018,49
08NK018,S,NA,1970,1977,8
08NK018,T,NA,1970,1977,8
08NK019,Q,NA,1970,1999,30
08NK019,S,NA,1970,1977,8
08NK019,T,NA,1970,1977,8
08NK020,Q,NA,1970,1996,27
08NK020,S,NA,1970,1977,8
08NK020,T,NA,1970,1977,8
08NK021,I,DI,1971,1971,1
08NK021,Q,NA,1971,1995,24
08NK021,S,NA,1971,1977,6
08NK021,T,NA,1971,1977,6
08NK022,H,NA,2011,2017,7
08NK022,Q,NA,1971,2017,47
08NK022,S,NA,1971,1977,7
08NK022,T,NA,1971,1977,7
08NK023,S,NA,1970,1977,8
08NK025,Q,NA,1975,1975,1
08NK025,S,NA,1975,1975,1
08NK025,T,NA,1975,1975,1
08NK026,H,NA,2011,2018,8
08NK026,Q,NA,1981,2018,38
08NK027,Q,NA,1982,1996,15
08NK028,Q,NA,1984,1995,12
08NK029,Q,NA,1984,1995,12
08NK030,H,NA,2011,2018,8
08NK030,Q,NA,2009,2016,8
08NL004,H,NA,2011,2017,7
08NL004,Q,NA,1914,2017,76
08NL005,Q,NA,1919,1920,2
08NL006,Q,NA,1914,1932,19
08NL007,H,NA,2011,2015,5
08NL007,Q,NA,1914,2015,81
08NL008,Q,NA,1914,1954,13
08NL009,Q,NA,1915,1915,1
08NL010,Q,NA,1919,1971,34
08NL011,Q,NA,1919,1921,3
08NL012,Q,NA,1919,1983,33
08NL013,Q,NA,1919,1966,9
08NL014,Q,NA,1920,1927,8
08NL015,Q,NA,1960,1969,10
08NL018,Q,NA,1924,1927,4
08NL019,Q,NA,1922,1927,6
08NL020,Q,NA,1925,1949,8
08NL021,Q,NA,1914,1978,7
08NL023,Q,NA,1947,1985,39
08NL024,H,NA,2011,2016,6
08NL024,Q,NA,1950,2016,67
08NL025,Q,NA,1952,1956,5
08NL033,Q,NA,1960,1970,9
08NL034,Q,NA,1964,1987,24
08NL035,Q,NA,1964,1979,16
08NL036,Q,NA,1964,1998,35
08NL037,Q,NA,1964,1979,16
08NL038,H,NA,2011,2015,5
08NL038,I,DI,1988,1992,5
08NL038,Q,NA,1965,2015,51
08NL039,H,NA,2011,2015,5
08NL039,Q,NA,1967,2015,31
08NL040,Q,NA,1967,1974,8
08NL041,Q,NA,1968,1981,14
08NL042,H,NA,1968,1981,14
08NL043,Q,NA,1970,1980,10
08NL044,Q,NA,1971,1977,7
08NL045,H,NA,2011,2016,6
08NL045,Q,NA,1971,2016,46
08NL046,H,NA,1971,1982,11
08NL047,H,NA,1973,1981,9
08NL049,Q,NA,1973,1973,1
08NL050,H,NA,2011,2016,6
08NL050,Q,NA,1973,2016,44
08NL051,Q,NA,1973,1986,11
08NL052,H,NA,1973,1986,9
08NL053,Q,NA,1973,1985,12
08NL054,Q,NA,1981,1981,1
08NL056,Q,NA,1973,1981,8
08NL057,Q,NA,1974,1981,6
08NL058,H,NA,1973,1981,6
08NL059,H,NA,1973,1985,13
08NL060,Q,NA,1975,1982,8
08NL061,H,NA,1973,1976,4
08NL062,Q,NA,1973,1975,3
08NL064,H,NA,1973,1975,3
08NL065,H,NA,1975,1979,4
08NL067,Q,NA,1973,1979,7
08NL068,Q,NA,1975,1976,2
08NL069,H,NA,2011,2015,5
08NL069,Q,NA,1975,2015,41
08NL070,H,NA,2011,2015,5
08NL070,Q,NA,1974,2015,42
08NL071,H,NA,2011,2016,6
08NL071,Q,NA,1974,2016,43
08NL072,Q,NA,1975,1979,5
08NL074,Q,NA,1975,1977,3
08NL075,Q,NA,1979,1986,3
08NL076,H,NA,2011,2016,6
08NL076,Q,NA,1998,2016,19
08NM001,Q,NA,1914,1914,1
08NM002,H,NA,2011,2018,8
08NM002,Q,NA,1915,2018,104
08NM003,Q,NA,1919,1975,12
08NM004,Q,NA,1919,1922,4
08NM005,Q,NA,1921,1926,6
08NM006,Q,NA,1921,1964,17
08NM007,Q,NA,1920,1922,3
08NM008,Q,NA,1919,1919,1
08NM009,Q,NA,1919,1987,22
08NM010,Q,NA,1919,1982,10
08NM011,Q,NA,1919,1986,11
08NM012,Q,NA,1919,1950,21
08NM013,Q,NA,1919,1919,1
08NM014,Q,NA,1920,1926,7
08NM015,Q,NA,1919,1982,29
08NM016,Q,NA,1919,1946,19
08NM017,Q,NA,1920,1920,1
08NM018,Q,NA,1920,1920,1
08NM020,Q,NA,1921,1999,48
08NM021,Q,NA,1921,1960,16
08NM022,Q,NA,1921,1996,49
08NM023,Q,NA,1921,1922,2
08NM024,Q,NA,1921,1926,6
08NM025,Q,NA,1921,1922,2
08NM026,Q,NA,1920,1922,3
08NM028,Q,NA,1920,1931,12
08NM029,Q,NA,1919,1922,4
08NM030,Q,NA,1919,1924,6
08NM031,Q,NA,1919,1921,3
08NM032,Q,NA,1919,1966,48
08NM033,Q,NA,1920,1974,12
08NM034,Q,NA,1920,1931,12
08NM035,Q,NA,1920,1986,29
08NM036,Q,NA,1919,1964,8
08NM037,H,NA,2011,2015,5
08NM037,Q,NA,1919,2015,61
08NM038,Q,NA,1920,1977,22
08NM039,Q,NA,1919,1968,13
08NM040,Q,NA,1920,1930,11
08NM041,H,NA,2011,2013,3
08NM041,Q,NA,1919,2013,62
08NM042,Q,NA,1920,1922,3
08NM043,Q,NA,1919,1963,15
08NM044,Q,NA,1919,1963,15
08NM046,Q,NA,1920,1970,23
08NM047,Q,NA,1921,1921,1
08NM048,Q,NA,1921,1987,25
08NM049,Q,NA,1920,1920,1
08NM050,H,NA,2011,2018,8
08NM050,Q,NA,1921,2018,98
08NM052,Q,NA,1922,1922,1
08NM053,Q,NA,1922,1996,48
08NM054,Q,NA,1922,1954,26
08NM055,Q,NA,1922,1931,10
08NM056,Q,NA,1922,1966,45
08NM057,Q,NA,1922,1930,9
08NM058,Q,NA,1924,1927,3
08NM059,Q,NA,1924,1987,27
08NM060,Q,NA,1923,1968,9
08NM061,Q,NA,1924,1931,8
08NM062,H,NA,1926,1992,26
08NM063,Q,NA,1926,1954,29
08NM065,H,NA,2011,2018,8
08NM065,Q,NA,1927,2018,64
08NM066,H,NA,1928,1973,29
08NM067,H,NA,1968,1980,13
08NM068,Q,NA,1930,1930,1
08NM069,Q,NA,1930,1930,1
08NM070,Q,NA,1930,1931,2
08NM071,H,NA,1920,1974,55
08NM074,Q,NA,1933,1933,1
08NM075,Q,NA,1935,1950,16
08NM076,Q,NA,1936,1941,6
08NM082,Q,NA,1941,1950,9
08NM083,H,NA,1943,2018,76
08NM084,H,NA,1943,2018,76
08NM085,H,NA,2011,2017,7
08NM085,Q,NA,1944,2017,71
08NM113,H,NA,1946,2004,32
08NM114,Q,NA,1934,1972,16
08NM116,H,NA,2011,2017,7
08NM116,Q,NA,1949,2017,69
08NM117,Q,NA,1950,1975,11
08NM118,Q,NA,1950,1972,12
08NM119,Q,NA,1951,1982,22
08NM120,Q,NA,1951,1970,20
08NM121,Q,NA,1952,1952,1
08NM122,Q,NA,1955,1957,2
08NM123,Q,NA,1959,1978,18
08NM124,Q,NA,1959,1979,20
08NM125,H,NA,1959,1979,21
08NM126,Q,NA,1959,1964,6
08NM129,Q,NA,1964,1987,24
08NM130,Q,NA,1965,1968,4
08NM133,Q,NA,1965,1986,22
08NM134,H,NA,2011,2015,5
08NM134,Q,NA,1965,2015,51
08NM135,Q,NA,1965,1979,13
08NM136,Q,NA,1965,1972,7
08NM137,Q,NA,1965,1986,22
08NM138,Q,NA,1965,1994,29
08NM139,Q,NA,1965,1981,17
08NM140,Q,NA,1966,1982,17
08NM141,Q,NA,1967,1971,5
08NM142,H,NA,2011,2014,4
08NM142,Q,NA,1967,2014,48
08NM143,H,NA,1967,2018,52
08NM145,Q,NA,1968,2004,37
08NM146,H,NA,2013,2017,5
08NM146,Q,NA,1968,2017,20
08NM147,Q,NA,1968,1977,10
08NM148,H,NA,1968,1977,10
08NM149,Q,NA,1969,2010,8
08NM150,Q,NA,1969,1981,9
08NM151,Q,NA,1969,1982,14
08NM152,Q,NA,1969,1975,7
08NM153,Q,NA,1969,1975,7
08NM154,Q,NA,1969,1970,2
08NM155,Q,NA,1969,1981,13
08NM156,Q,NA,1969,1972,4
08NM157,Q,NA,1969,1982,14
08NM158,Q,NA,1969,1982,14
08NM159,Q,NA,1969,1982,14
08NM160,Q,NA,1969,1999,29
08NM160,S,NA,1976,1980,5
08NM160,T,NA,1976,1980,5
08NM161,Q,NA,1969,1982,12
08NM162,Q,NA,1970,1974,5
08NM163,H,NA,1970,1981,12
08NM164,Q,NA,1969,1986,18
08NM165,Q,NA,1970,1996,27
08NM166,Q,NA,1970,1982,13
08NM167,Q,NA,1970,1978,9
08NM168,Q,NA,1970,1999,30
08NM169,H,NA,1970,1987,18
08NM170,Q,NA,1970,1981,12
08NM171,H,NA,2011,2017,7
08NM171,Q,NA,1970,2017,48
08NM172,Q,NA,1970,1987,18
08NM173,H,NA,2011,2017,7
08NM173,Q,NA,1970,2017,48
08NM174,H,NA,2011,2014,4
08NM174,Q,NA,1971,2014,44
08NM175,Q,NA,1972,1979,8
08NM176,Q,NA,1971,1986,16
08NM177,Q,NA,1970,1975,6
08NM178,Q,NA,1970,1972,3
08NM179,Q,NA,1970,1982,13
08NM180,Q,NA,1970,1972,3
08NM181,Q,NA,1971,1973,3
08NM182,Q,NA,1971,1974,4
08NM183,H,NA,1971,1979,9
08NM197,Q,NA,1972,1972,1
08NM198,Q,NA,1972,1975,4
08NM199,Q,NA,1972,1973,2
08NM200,H,NA,2011,2017,7
08NM200,Q,NA,1973,2017,13
08NM201,Q,NA,1973,1973,1
08NM202,Q,NA,1973,1982,10
08NM207,Q,NA,1973,1985,8
08NM210,Q,NA,1973,1979,6
08NM212,Q,NA,1977,1984,4
08NM213,H,NA,1973,1986,12
08NM215,H,NA,1973,1977,4
08NM216,H,NA,1973,1977,4
08NM217,H,NA,1973,1977,4
08NM218,Q,NA,1973,1979,7
08NM219,Q,NA,1973,1979,7
08NM220,H,NA,1973,1984,9
08NM224,H,NA,1961,1986,23
08NM225,Q,NA,1976,1982,7
08NM226,Q,NA,1976,1982,7
08NM227,H,NA,1973,1981,9
08NM228,Q,NA,1974,1975,2
08NM229,Q,NA,1977,1998,22
08NM230,H,NA,1977,1998,21
08NM231,H,NA,1963,1980,15
08NM232,H,NA,1987,2016,7
08NM232,Q,NA,1976,2016,41
08NM233,Q,NA,1977,1982,6
08NM234,H,NA,1973,1986,9
08NM235,Q,NA,1973,1979,7
08NM237,Q,NA,1979,1986,3
08NM238,H,NA,1979,1987,6
08NM239,Q,NA,1980,1980,1
08NM240,H,NA,2011,2017,7
08NM240,Q,NA,1983,2017,35
08NM241,H,NA,2011,2016,6
08NM241,Q,NA,1983,2016,34
08NM242,H,NA,2011,2016,6
08NM242,Q,NA,1985,2016,32
08NM243,H,NA,1991,2018,28
08NM246,Q,NA,2006,2010,5
08NM247,H,NA,2012,2016,5
08NM247,Q,NA,2012,2016,5
08NN001,Q,NA,1913,1980,26
08NN002,H,NA,2011,2015,5
08NN002,Q,NA,1914,2015,58
08NN003,H,NA,2011,2016,6
08NN003,Q,NA,1914,2016,50
08NN004,Q,NA,1914,1922,9
08NN005,Q,NA,1913,1922,10
08NN006,H,NA,1944,1962,19
08NN006,Q,NA,1916,1934,19
08NN007,Q,NA,1921,1984,15
08NN008,Q,NA,1921,1921,1
08NN009,Q,NA,1921,1921,1
08NN010,Q,NA,1923,1977,37
08NN011,Q,NA,1929,1977,20
08NN014,H,NA,1944,1990,43
08NN014,Q,NA,1944,1946,3
08NN015,H,NA,2011,2015,5
08NN015,Q,NA,1949,2015,61
08NN016,Q,NA,1960,1973,12
08NN017,H,NA,1914,1915,2
08NN018,Q,NA,1965,1974,10
08NN019,H,NA,2011,2016,6
08NN019,I,DI,1966,1967,2
08NN019,Q,NA,1965,2016,52
08NN019,S,NA,1966,1967,2
08NN019,T,NA,1966,1967,2
08NN020,Q,NA,1970,1981,12
08NN021,Q,NA,1971,1984,14
08NN022,Q,NA,1973,1996,24
08NN023,H,NA,2011,2016,6
08NN023,Q,NA,1974,2016,43
08NN024,H,NA,1974,1991,18
08NN025,H,NA,1974,1976,3
08NN026,H,NA,2011,2016,6
08NN026,Q,NA,1975,2016,40
08NN027,Q,NA,1976,1984,9
08NN028,H,NA,2011,2016,6
08NN028,Q,NA,1998,2016,19
08NP002,Q,NA,1974,1992,19
08NP003,Q,NA,1977,1996,20
08NP004,H,NA,2011,2018,8
08NP004,Q,NA,1977,2018,42
08NP005,Q,NA,1993,1995,3
08OA001,Q,NA,1962,1964,3
08OA002,H,NA,2011,2017,7
08OA002,Q,NA,1962,2017,55
08OA003,H,NA,2011,2018,8
08OA003,Q,NA,1971,2018,47
08OA004,H,NA,2011,2017,7
08OA004,Q,NA,1985,2017,33
08OA005,H,NA,2011,2017,7
08OA005,Q,NA,1993,2017,25
08OB001,Q,NA,1962,1963,2
08OB002,H,NA,2011,2018,8
08OB002,Q,NA,1962,2018,54
08OB003,Q,NA,1962,1964,3
08PA001,Q,NA,1915,1955,30
08PA002,Q,NA,1914,1922,9
08PA003,Q,NA,1914,1922,9
08PA004,H,NA,1953,2017,65
08PA004,Q,NA,1953,1954,2
08PA010,H,NA,1973,1979,7
09AA001,H,NA,1950,2017,68
09AA003,H,NA,1950,1993,44
09AA006,H,NA,2011,2017,6
09AA006,Q,NA,1950,2017,67
09AA008,Q,NA,1955,1970,16
09AA013,H,NA,2011,2017,7
09AA013,Q,NA,1956,2017,60
09AA018,H,NA,2012,2017,6
09AA018,Q,NA,2012,2017,6
09AE003,H,NA,2011,2017,7
09AE003,Q,NA,1956,2017,61
10AC001,H,NA,1943,1995,53
10AC002,Q,NA,1957,1993,37
10AC003,Q,NA,1956,1984,29
10AC004,Q,NA,1963,1995,33
10AC005,H,NA,2011,2018,8
10AC005,Q,NA,1964,2018,55
10AC006,Q,NA,1984,1995,12
10AD001,I,DI,1972,1972,1
10AD001,Q,NA,1946,1993,47
10AD001,S,NA,1972,1972,1
10AD001,T,NA,1972,1972,1
10BA001,Q,NA,1967,1993,27
10BB001,I,DI,1972,1984,4
10BB001,Q,NA,1962,1995,29
10BB001,S,NA,1972,1983,3
10BB001,T,NA,1972,1983,3
10BB002,Q,NA,1967,1994,28
10BC001,Q,NA,1961,1995,35
10BE001,H,NA,2011,2017,7
10BE001,I,DI,1972,1984,3
10BE001,Q,NA,1944,2017,73
10BE001,S,NA,1972,1983,2
10BE001,T,NA,1972,1983,2
10BE002,Q,NA,1944,1947,4
10BE004,H,NA,2011,2017,7
10BE004,Q,NA,1961,2017,57
10BE005,I,DI,1982,1984,3
10BE005,Q,NA,1968,1995,28
10BE005,S,NA,1982,1983,2
10BE005,T,NA,1982,1983,2
10BE006,I,DI,1982,1984,3
10BE006,Q,NA,1969,1995,27
10BE006,S,NA,1982,1983,2
10BE006,T,NA,1982,1983,2
10BE007,H,NA,2011,2017,7
10BE007,Q,NA,1970,2017,48
10BE008,Q,NA,1979,1996,18
10BE009,H,NA,2011,2017,7
10BE009,Q,NA,1979,2017,39
10BE010,Q,NA,1983,1995,13
10BE011,Q,NA,1983,1995,13
10BE012,Q,NA,1983,1995,13
10BE013,H,NA,2011,2017,7
10BE013,Q,NA,1983,2017,35
10CA001,H,NA,2011,2018,8
10CA001,Q,NA,1988,2018,27
10CB001,H,NA,2011,2014,4
10CB001,Q,NA,1944,2014,71
10CC001,Q,NA,1960,1978,19
10CC002,I,DI,1982,1984,3
10CC002,Q,NA,1978,2004,27
10CC002,S,NA,1979,1984,5
10CC002,T,NA,1979,1984,5
10CD001,H,NA,2011,2014,4
10CD001,I,DI,1982,1992,8
10CD001,Q,NA,1944,2014,71
10CD001,S,NA,1979,1984,5
10CD001,T,NA,1979,1984,5
10CD002,Q,NA,1979,1982,4
10CD003,H,NA,2011,2014,4
10CD003,Q,NA,1979,2014,36
10CD004,H,NA,2011,2014,4
10CD004,Q,NA,1981,2014,34
10CD005,H,NA,2011,2014,4
10CD005,Q,NA,1983,2014,32
10CD006,Q,NA,1988,1995,8
10DA001,H,NA,2013,2017,5
10DA001,Q,NA,1995,2017,7
